region,dish,uid,,elapsed_min,MT_area,SF_area,S9_total,S9_on_MT,S9_on_SF,frac_MT,frac_SF
Jul28_XY_1_20min,DISH1,Jul28_XY_1_20min#2,,0,130990,43174,21934380,7004704,1166126,0.319,0.053
Jul28_XY_1_20min,DISH1,Jul28_XY_1_20min#3,,0,300318,68685,13356502,5669053,726056,0.424,0.054
Jul28_XY_1_20min,DISH1,Jul28_XY_1_20min#6,,0,302056,49570,23328036,14783129,1723511,0.634,0.074
Jul28_XY_1_20min,DISH1,Jul28_XY_1_20min#7,,0,39451,9515,3271862,1751412,519044,0.535,0.159
Jul28_XY_1_20min,DISH1,Jul28_XY_1_20min#2,,27.5,100390,44477,17141372,5410640,1505779,0.316,0.088
Jul28_XY_1_20min,DISH1,Jul28_XY_1_20min#3,,27.5,262660,73812,10361495,4440438,736130,0.429,0.071
Jul28_XY_1_20min,DISH1,Jul28_XY_1_20min#6,,27.5,243436,52144,17693676,12894555,2187628,0.729,0.124
Jul28_XY_1_20min,DISH1,Jul28_XY_1_20min#7,,27.5,11819,4563,1930845,342070,162412,0.177,0.084
Jul28_XY_1_20min,DISH1,Jul28_XY_1_20min#3,,55,314069,102226,10713304,4999805,915322,0.467,0.085
Jul28_XY_1_20min,DISH1,Jul28_XY_1_20min#6,,55,122339,20722,7562029,5118263,671472,0.677,0.089
Jul28_XY_1_20min,DISH1,Jul28_XY_1_20min#7,,55,30758,9094,1920638,893138,301856,0.465,0.157
Jul28_XY_1_20min,DISH1,Jul28_XY_1_20min#3,,82.5,328606,59945,10718422,5327135,436146,0.497,0.041
Jul28_XY_1_20min,DISH1,Jul28_XY_1_20min#6,,82.5,110951,12644,7769387,5198091,544010,0.669,0.07
Jul28_XY_1_20min,DISH1,Jul28_XY_1_20min#7,,82.5,22208,5033,1547215,735105,188315,0.475,0.122
Jul28_XY_1_20min,DISH1,Jul28_XY_1_20min#3,,110,322016,76498,9766179,4854180,647417,0.497,0.066
Jul28_XY_1_20min,DISH1,Jul28_XY_1_20min#6,,110,106965,29020,7404723,4579559,945768,0.618,0.128
Jul28_XY_1_20min,DISH1,Jul28_XY_1_20min#7,,110,18405,8827,2849498,650265,377777,0.228,0.133
Jul28_XY_1_20min,DISH1,Jul28_XY_1_20min#10,,110,100803,34371,7780729,4564670,801519,0.587,0.103
Jul28_XY_1_20min,DISH1,Jul28_XY_1_20min#3,,137.5,294844,81185,8611014,4392756,590682,0.51,0.069
Jul28_XY_1_20min,DISH1,Jul28_XY_1_20min#6,,137.5,119760,25737,7067569,5022022,808417,0.711,0.114
Jul28_XY_1_20min,DISH1,Jul28_XY_1_20min#7,,137.5,13772,12458,6198017,1547418,688394,0.25,0.111
Jul28_XY_1_20min,DISH1,Jul28_XY_1_20min#3,,165,295587,92604,8377661,4204288,672998,0.502,0.08
Jul28_XY_1_20min,DISH1,Jul28_XY_1_20min#6,,165,125051,28040,6783039,4654997,827486,0.686,0.122
Jul28_XY_1_20min,DISH1,Jul28_XY_1_20min#7,,165,28482,27860,8426277,2422386,1044980,0.287,0.124
Jul28_XY_1_20min,DISH1,Jul28_XY_1_20min#14,,165,33474,14640,2699244,1717928,589835,0.636,0.219
Jul28_XY_1_20min,DISH1,Jul28_XY_1_20min#6,,192.5,121439,26508,6697813,4232561,765325,0.632,0.114
Jul28_XY_1_20min,DISH1,Jul28_XY_1_20min#7,,192.5,47112,31446,8929596,2585393,1215733,0.29,0.136
Jul28_XY_1_20min,DISH1,Jul28_XY_1_20min#6,,220,80322,8422,7486438,5371842,259892,0.718,0.035
Jul28_XY_1_20min,DISH1,Jul28_XY_1_20min#7,,220,67902,17064,6246460,3735827,720936,0.598,0.115
Jul28_XY_1_20min,DISH1,Jul28_XY_1_20min#11,,220,138072,52873,8062047,2800253,633403,0.347,0.079
Jul28_XY_1_20min,DISH1,Jul28_XY_1_20min#18,,220,140734,34704,11569310,6623800,1057148,0.573,0.091
Jul28_XY_2_20min,DISH1,Jul28_XY_2_20min#1,,0,506125,211558,59167652,26184008,10556109,0.443,0.178
Jul28_XY_2_20min,DISH1,Jul28_XY_2_20min#1,,27.5,489778,172193,63325232,26746216,8695751,0.422,0.137
Jul28_XY_2_20min,DISH1,Jul28_XY_2_20min#1,,192.5,866238,229487,56751800,33408984,8175192,0.589,0.144
Jul28_XY_3_20min,DISH1,Jul28_XY_3_20min#1,,0,129919,36862,7860934,4109877,785953,0.523,0.1
Jul28_XY_3_20min,DISH1,Jul28_XY_3_20min#2,,0,122328,60341,7572374,3776930,1315554,0.499,0.174
Jul28_XY_3_20min,DISH1,Jul28_XY_3_20min#3,,0,87729,44805,5688470,2449108,902173,0.431,0.159
Jul28_XY_3_20min,DISH1,Jul28_XY_3_20min#4,,0,172585,47187,10245122,6728097,1330854,0.657,0.13
Jul28_XY_3_20min,DISH1,Jul28_XY_3_20min#5,,0,123127,42962,8117488,4174479,1205676,0.514,0.149
Jul28_XY_3_20min,DISH1,Jul28_XY_3_20min#2,,27.5,130586,59587,7284525,3777652,1047135,0.519,0.144
Jul28_XY_3_20min,DISH1,Jul28_XY_3_20min#3,,27.5,106430,43173,5857576,3025381,957719,0.516,0.164
Jul28_XY_3_20min,DISH1,Jul28_XY_3_20min#4,,27.5,293909,85824,19709492,12068628,2700757,0.612,0.137
Jul28_XY_3_20min,DISH1,Jul28_XY_3_20min#1,,55,103402,3250,6078641,3288430,49262,0.541,0.008
Jul28_XY_3_20min,DISH1,Jul28_XY_3_20min#2,,55,102929,28806,5389254,2899846,496360,0.538,0.092
Jul28_XY_3_20min,DISH1,Jul28_XY_3_20min#3,,55,79624,36892,4225490,2182031,714386,0.516,0.169
Jul28_XY_3_20min,DISH1,Jul28_XY_3_20min#4,,55,155816,24979,8608337,5929962,671237,0.689,0.078
Jul28_XY_3_20min,DISH1,Jul28_XY_3_20min#8,,55,90317,21981,6092083,3478628,1045339,0.571,0.172
Jul28_XY_3_20min,DISH1,Jul28_XY_3_20min#1,,82.5,177695,13134,7717368,4391655,169892,0.569,0.022
Jul28_XY_3_20min,DISH1,Jul28_XY_3_20min#2,,82.5,165272,55655,7437419,4053627,724898,0.545,0.097
Jul28_XY_3_20min,DISH1,Jul28_XY_3_20min#3,,82.5,115005,54108,5844787,2767419,940487,0.473,0.161
Jul28_XY_3_20min,DISH1,Jul28_XY_3_20min#4,,82.5,205568,39445,10208718,6802810,921158,0.666,0.09
Jul28_XY_3_20min,DISH1,Jul28_XY_3_20min#8,,82.5,119722,46698,8585370,4541004,2320841,0.529,0.27
Jul28_XY_3_20min,DISH1,Jul28_XY_3_20min#1,,110,175905,42072,7472254,4267960,645194,0.571,0.086
Jul28_XY_3_20min,DISH1,Jul28_XY_3_20min#2,,110,158055,37838,6892011,3725107,504116,0.54,0.073
Jul28_XY_3_20min,DISH1,Jul28_XY_3_20min#3,,110,118002,36095,5372844,2742904,661202,0.511,0.123
Jul28_XY_3_20min,DISH1,Jul28_XY_3_20min#4,,110,192314,58650,9812193,6526582,1344648,0.665,0.137
Jul28_XY_3_20min,DISH1,Jul28_XY_3_20min#2,,137.5,147112,44915,5789653,3237221,675122,0.559,0.117
Jul28_XY_3_20min,DISH1,Jul28_XY_3_20min#3,,137.5,106528,39310,4521485,2256255,641239,0.499,0.142
Jul28_XY_3_20min,DISH1,Jul28_XY_3_20min#4,,137.5,204161,55925,8963625,6072334,1205883,0.677,0.135
Jul28_XY_3_20min,DISH1,Jul28_XY_3_20min#1,,165,177311,44958,6421372,3879586,596507,0.604,0.093
Jul28_XY_3_20min,DISH1,Jul28_XY_3_20min#2,,165,145086,49504,5400742,3062793,743350,0.567,0.138
Jul28_XY_3_20min,DISH1,Jul28_XY_3_20min#3,,165,113380,43471,4399360,2418732,702816,0.55,0.16
Jul28_XY_3_20min,DISH1,Jul28_XY_3_20min#4,,165,194445,71196,8630179,5736076,1555741,0.665,0.18
Jul28_XY_3_20min,DISH1,Jul28_XY_3_20min#1,,192.5,187315,35358,6705713,3993112,469354,0.595,0.07
Jul28_XY_3_20min,DISH1,Jul28_XY_3_20min#2,,192.5,155667,49934,6084882,3115115,631643,0.512,0.104
Jul28_XY_3_20min,DISH1,Jul28_XY_3_20min#3,,192.5,125070,42534,4555872,2535492,621557,0.557,0.136
Jul28_XY_3_20min,DISH1,Jul28_XY_3_20min#4,,192.5,211270,49295,8466829,5788664,883423,0.684,0.104
Jul28_XY_3_20min,DISH1,Jul28_XY_3_20min#1,,220,246222,5341,7439215,4542908,96124,0.611,0.013
Jul28_XY_3_20min,DISH1,Jul28_XY_3_20min#2,,220,198282,34285,6654781,3453297,279104,0.519,0.042
Jul28_XY_3_20min,DISH1,Jul28_XY_3_20min#3,,220,151628,47638,5427077,2965897,647725,0.546,0.119
Jul28_XY_3_20min,DISH1,Jul28_XY_3_20min#4,,220,267539,55314,10425966,6478234,936731,0.621,0.09
Jul28_XY_4_20min,DISH1,Jul28_XY_4_20min#5,,0,113903,21857,6498260,3629683,325302,0.559,0.05
Jul28_XY_4_20min,DISH1,Jul28_XY_4_20min#2,,27.5,893612,391516,41038984,15295705,6117668,0.373,0.149
Jul28_XY_4_20min,DISH1,Jul28_XY_4_20min#2,,55,1217501,436370,43506412,18624928,5976476,0.428,0.137
Jul28_XY_4_20min,DISH1,Jul28_XY_4_20min#5,,82.5,210943,48872,8276211,5191228,781210,0.627,0.094
Jul28_XY_4_20min,DISH1,Jul28_XY_4_20min#5,,110,186367,46784,7160885,4734425,764821,0.661,0.107
Jul28_XY_4_20min,DISH1,Jul28_XY_4_20min#5,,192.5,135016,27712,5226450,2850169,599078,0.545,0.115
Jul28_XY_4_20min,DISH1,Jul28_XY_4_20min#5,,220,97015,25883,6303108,2135240,762101,0.339,0.121
Jul28_XY_5_20min,DISH1,Jul28_XY_5_20min#1,,0,69189,7300,8033941,4472955,220720,0.557,0.027
Jul28_XY_5_20min,DISH1,Jul28_XY_5_20min#2,,0,173465,57719,12981557,7805601,1455559,0.601,0.112
Jul28_XY_5_20min,DISH1,Jul28_XY_5_20min#3,,0,61848,12511,9571896,3190116,632940,0.333,0.066
Jul28_XY_5_20min,DISH1,Jul28_XY_5_20min#4,,0,96808,46592,7030792,3272637,1512472,0.465,0.215
Jul28_XY_5_20min,DISH1,Jul28_XY_5_20min#5,,0,82751,42807,6151523,2597317,1210007,0.422,0.197
Jul28_XY_5_20min,DISH1,Jul28_XY_5_20min#6,,0,73317,23654,8036091,4024660,866708,0.501,0.108
Jul28_XY_5_20min,DISH1,Jul28_XY_5_20min#1,,27.5,65077,11340,6450559,3974723,451655,0.616,0.07
Jul28_XY_5_20min,DISH1,Jul28_XY_5_20min#2,,27.5,118691,49104,9078127,5428876,1146932,0.598,0.126
Jul28_XY_5_20min,DISH1,Jul28_XY_5_20min#3,,27.5,105646,19711,10587539,5564951,1020641,0.526,0.096
Jul28_XY_5_20min,DISH1,Jul28_XY_5_20min#5,,27.5,106239,69159,7497117,3355082,1722511,0.448,0.23
Jul28_XY_5_20min,DISH1,Jul28_XY_5_20min#6,,27.5,57618,25218,6115398,3124968,1135526,0.511,0.186
Jul28_XY_5_20min,DISH1,Jul28_XY_5_20min#2,,55,376389,48422,26385740,14112812,1006768,0.535,0.038
Jul28_XY_5_20min,DISH1,Jul28_XY_5_20min#5,,55,208503,75849,12439646,5978335,1293880,0.481,0.104
Jul28_XY_5_20min,DISH1,Jul28_XY_5_20min#6,,55,109968,31574,8415648,4589920,1101059,0.545,0.131
Jul28_XY_5_20min,DISH1,Jul28_XY_5_20min#9,,55,88686,12304,7697467,4476695,662075,0.582,0.086
Jul28_XY_5_20min,DISH1,Jul28_XY_5_20min#2,,82.5,411395,113538,23175142,14412039,2722800,0.622,0.117
Jul28_XY_5_20min,DISH1,Jul28_XY_5_20min#5,,82.5,211370,102040,10750707,5325244,1664375,0.495,0.155
Jul28_XY_5_20min,DISH1,Jul28_XY_5_20min#6,,82.5,51006,20672,3146935,1451870,448577,0.461,0.143
Jul28_XY_5_20min,DISH1,Jul28_XY_5_20min#10,,82.5,168435,23115,12293932,6632028,794586,0.539,0.065
Jul28_XY_5_20min,DISH1,Jul28_XY_5_20min#11,,82.5,71105,20574,4857872,3129868,728674,0.644,0.15
Jul28_XY_5_20min,DISH1,Jul28_XY_5_20min#2,,110,325833,102448,18272280,12391546,2470504,0.678,0.135
Jul28_XY_5_20min,DISH1,Jul28_XY_5_20min#5,,110,136361,66885,7056816,3433397,1012509,0.487,0.143
Jul28_XY_5_20min,DISH1,Jul28_XY_5_20min#2,,137.5,281771,86512,11965368,8236865,1346089,0.688,0.112
Jul28_XY_5_20min,DISH1,Jul28_XY_5_20min#5,,137.5,213014,97294,9726846,4829355,1387384,0.496,0.143
Jul28_XY_5_20min,DISH1,Jul28_XY_5_20min#13,,137.5,129882,26155,6998494,4991435,819991,0.713,0.117
Jul28_XY_5_20min,DISH1,Jul28_XY_5_20min#2,,165,293481,71613,11703635,8336098,934067,0.712,0.08
Jul28_XY_5_20min,DISH1,Jul28_XY_5_20min#5,,165,212127,75898,9698155,4866565,974113,0.502,0.1
Jul28_XY_5_20min,DISH1,Jul28_XY_5_20min#13,,165,124696,23647,6909003,4689725,773005,0.679,0.112
Jul28_XY_5_20min,DISH1,Jul28_XY_5_20min#2,,192.5,310936,75758,13074672,9277944,1238555,0.71,0.095
Jul28_XY_5_20min,DISH1,Jul28_XY_5_20min#5,,192.5,229869,72153,10726322,5545734,1009066,0.517,0.094
Jul28_XY_5_20min,DISH1,Jul28_XY_5_20min#13,,192.5,135541,28711,8212396,5885349,1235219,0.717,0.15
Jul28_XY_5_20min,DISH1,Jul28_XY_5_20min#2,,220,319400,87777,12218249,8539539,1087679,0.699,0.089
Jul28_XY_5_20min,DISH1,Jul28_XY_5_20min#5,,220,104562,35668,5001688,2579210,450185,0.516,0.09
Jul28_XY_5_20min,DISH1,Jul28_XY_5_20min#6,,220,404211,64104,22326864,11827149,1501088,0.53,0.067
Jul28_XY_5_20min,DISH1,Jul28_XY_5_20min#13,,220,139181,29845,7016142,5208042,1026645,0.742,0.146
July28_XY_1_30min,DISH2,July28_XY_1_30min#3,,0,70270,25957,2100402,1389183,269059,0.661,0.128
July28_XY_1_30min,DISH2,July28_XY_1_30min#4,,0,68637,20284,4596596,2536497,531016,0.552,0.116
July28_XY_1_30min,DISH2,July28_XY_1_30min#3,,27.5,68703,33156,2318860,1358631,311568,0.586,0.134
July28_XY_1_30min,DISH2,July28_XY_1_30min#3,,55,85859,23384,2773110,1641459,230771,0.592,0.083
July28_XY_1_30min,DISH2,July28_XY_1_30min#6,,55,57667,4499,3988848,2176260,135767,0.546,0.034
July28_XY_1_30min,DISH2,July28_XY_1_30min#7,,55,137438,36200,6793484,4551650,757959,0.67,0.112
July28_XY_1_30min,DISH2,July28_XY_1_30min#3,,82.5,80844,14724,2749594,1884471,76150,0.685,0.028
July28_XY_1_30min,DISH2,July28_XY_1_30min#6,,82.5,67277,22688,3963014,2398599,738978,0.605,0.186
July28_XY_1_30min,DISH2,July28_XY_1_30min#6,,110,78177,1114,4258537,2519639,24716,0.592,0.006
July28_XY_1_30min,DISH2,July28_XY_1_30min#6,,137.5,62409,3606,3536742,1990234,93555,0.563,0.026
July28_XY_1_30min,DISH2,July28_XY_1_30min#6,,165,55500,12011,3138057,1578222,404283,0.503,0.129
July28_XY_1_30min,DISH2,July28_XY_1_30min#6,,192.5,68402,6811,3654235,1980524,195487,0.542,0.053
July28_XY_2_30min,DISH2,July28_XY_2_30min#3,,0,376949,158037,37381004,17431508,5858349,0.466,0.157
July28_XY_2_30min,DISH2,July28_XY_2_30min#3,,27.5,545056,196428,37805780,21446904,6863451,0.567,0.182
July28_XY_2_30min,DISH2,July28_XY_2_30min#3,,55,751908,220684,40693696,25454742,6719689,0.626,0.165
July28_XY_2_30min,DISH2,July28_XY_2_30min#3,,82.5,692600,231596,38231928,22459100,6786057,0.587,0.177
July28_XY_2_30min,DISH2,July28_XY_2_30min#3,,110,800157,220376,38415704,24591488,6101114,0.64,0.159
July28_XY_2_30min,DISH2,July28_XY_2_30min#3,,137.5,811291,212177,37311412,23806230,5653424,0.638,0.152
July28_XY_2_30min,DISH2,July28_XY_2_30min#3,,165,863041,238978,36069776,24022412,5695947,0.666,0.158
July28_XY_2_30min,DISH2,July28_XY_2_30min#3,,192.5,831144,253470,35252608,22552620,6015385,0.64,0.171
July28_XY_3_30min,DISH2,July28_XY_3_30min#1,,0,606867,264091,52158068,22343524,9931088,0.428,0.19
July28_XY_3_30min,DISH2,July28_XY_3_30min#1,,27.5,658991,274154,49175544,23547184,10588104,0.479,0.215
July28_XY_3_30min,DISH2,July28_XY_3_30min#1,,55,781481,290408,50857984,26294234,10315621,0.517,0.203
July28_XY_3_30min,DISH2,July28_XY_3_30min#1,,82.5,899664,309140,52014608,27755978,10775525,0.534,0.207
July28_XY_3_30min,DISH2,July28_XY_3_30min#1,,110,937324,315016,49317952,28086744,10139179,0.57,0.206
July28_XY_3_30min,DISH2,July28_XY_3_30min#1,,137.5,1031540,290355,49727904,29091802,8658705,0.585,0.174
July28_XY_3_30min,DISH2,July28_XY_3_30min#1,,165,1010640,281724,47078560,28243270,7860997,0.6,0.167
July28_XY_3_30min,DISH2,July28_XY_3_30min#1,,192.5,1065175,299535,48211836,28649888,8262983,0.594,0.171
July28_XY_4_30min,DISH2,July28_XY_4_30min#1,,0,66498,18791,5555686,3515977,570296,0.633,0.103
July28_XY_4_30min,DISH2,July28_XY_4_30min#3,,0,214994,59947,13551492,6599181,1090297,0.487,0.08
July28_XY_4_30min,DISH2,July28_XY_4_30min#4,,0,185615,75851,20054762,9867062,2685850,0.492,0.134
July28_XY_4_30min,DISH2,July28_XY_4_30min#5,,0,158475,40014,1463153,867222,185483,0.593,0.127
July28_XY_4_30min,DISH2,July28_XY_4_30min#1,,27.5,72532,19829,5166721,3043868,572046,0.589,0.111
July28_XY_4_30min,DISH2,July28_XY_4_30min#3,,27.5,229569,73982,12731070,7002370,1352624,0.55,0.106
July28_XY_4_30min,DISH2,July28_XY_4_30min#5,,27.5,170725,51768,1507299,920190,232676,0.61,0.154
July28_XY_4_30min,DISH2,July28_XY_4_30min#6,,27.5,184871,44999,13261731,6507600,1499302,0.491,0.113
July28_XY_4_30min,DISH2,July28_XY_4_30min#1,,55,99447,24570,5702777,3688511,583592,0.647,0.102
July28_XY_4_30min,DISH2,July28_XY_4_30min#3,,55,260000,106869,13463091,7435935,1938011,0.552,0.144
July28_XY_4_30min,DISH2,July28_XY_4_30min#5,,55,204040,70898,1772239,1075842,315047,0.607,0.178
July28_XY_4_30min,DISH2,July28_XY_4_30min#1,,82.5,96519,13735,4761703,3167781,386602,0.665,0.081
July28_XY_4_30min,DISH2,July28_XY_4_30min#3,,82.5,272173,92904,13071951,7359428,1678973,0.563,0.128
July28_XY_4_30min,DISH2,July28_XY_4_30min#5,,82.5,203374,61993,1728709,1048636,263596,0.607,0.152
July28_XY_4_30min,DISH2,July28_XY_4_30min#3,,110,264874,76740,11683111,7374276,1402161,0.631,0.12
July28_XY_4_30min,DISH2,July28_XY_4_30min#5,,110,177585,56904,1522904,942627,243757,0.619,0.16
July28_XY_4_30min,DISH2,July28_XY_4_30min#3,,137.5,267741,84094,12192719,7399826,1693655,0.607,0.139
July28_XY_4_30min,DISH2,July28_XY_4_30min#5,,137.5,178355,58777,1524094,922161,256618,0.605,0.168
July28_XY_4_30min,DISH2,July28_XY_4_30min#12,,137.5,106703,21843,4523403,2986324,441401,0.66,0.098
July28_XY_4_30min,DISH2,July28_XY_4_30min#3,,165,304755,68688,13971863,8235266,1357051,0.589,0.097
July28_XY_4_30min,DISH2,July28_XY_4_30min#5,,165,202417,65749,1738475,1055020,289479,0.607,0.167
July28_XY_4_30min,DISH2,July28_XY_4_30min#12,,165,124090,4989,4812504,3162345,86503,0.657,0.018
July28_XY_4_30min,DISH2,July28_XY_4_30min#3,,192.5,276282,68938,12828895,7413622,1244631,0.578,0.097
July28_XY_4_30min,DISH2,July28_XY_4_30min#5,,192.5,192933,56570,1627513,989587,225775,0.608,0.139
July28_XY_4_30min,DISH2,July28_XY_4_30min#12,,192.5,88489,11504,3276431,2180614,250384,0.666,0.076
July28_XY_5_30min,DISH2,July28_XY_5_30min#4,,0,130280,9263,12184305,6855064,440412,0.563,0.036
July28_XY_5_30min,DISH2,July28_XY_5_30min#6,,27.5,39253,7686,794747,322505,42534,0.406,0.054
July28_XY_5_30min,DISH2,July28_XY_5_30min#8,,82.5,297389,78923,23762830,14275057,2038209,0.601,0.086
July28_XY_5_30min,DISH2,July28_XY_5_30min#9,,82.5,33001,3106,468549,220577,16461,0.471,0.035
July28_XY_5_30min,DISH2,July28_XY_5_30min#8,,110,299115,69363,22895080,14512385,1819619,0.634,0.079
July28_XY_5_30min,DISH2,July28_XY_5_30min#10,,110,160753,37238,11617889,7360967,1768354,0.634,0.152
July28_XY_5_30min,DISH2,July28_XY_5_30min#5,,137.5,217218,18790,4403511,3001527,153027,0.682,0.035
July28_XY_5_30min,DISH2,July28_XY_5_30min#8,,137.5,353456,80502,25362828,16320932,2150753,0.643,0.085
July28_XY_5_30min,DISH2,July28_XY_5_30min#5,,165,210790,19483,4478318,2964392,231105,0.662,0.052
July28_XY_5_30min,DISH2,July28_XY_5_30min#8,,165,344267,81388,25011234,15875629,2363872,0.635,0.095
July28_XY_5_30min,DISH2,July28_XY_5_30min#5,,192.5,236177,17137,4395084,3009861,243457,0.685,0.055
July28_XY_5_30min,DISH2,July28_XY_5_30min#8,,192.5,337383,83477,23641982,15161385,2420714,0.641,0.102
