condition,gc_act_cv,gc_act_mean,gc_act_tubeness,gc_alignment_deg,gc_area_um2,gc_frac_all_three,gc_frac_s9_only,gc_fraction,gc_icq_act_tub,gc_icq_s9_act,gc_icq_s9_tub,gc_jaccard_s9_act,gc_jaccard_s9_tub,gc_manders_act_on_s9,gc_manders_act_on_tub,gc_manders_s9_on_act,gc_manders_s9_on_tub,gc_manders_tub_on_act,gc_manders_tub_on_s9,gc_mean_area,gc_mean_circularity,gc_mean_perimeter,gc_mean_solidity,gc_pearson_act_tub,gc_pearson_s9_act,gc_pearson_s9_tub,gc_s9_cv,gc_s9_mean,gc_s9_puncta_count,gc_s9_puncta_density,gc_s9_puncta_mean_int,gc_s9_puncta_mean_rad,gc_tub_cv,gc_tub_mean,gc_tub_tubeness,id,n_growth_cones,neurite_area_um2,shaft_act_cv,shaft_act_mean,shaft_act_tubeness,shaft_alignment_deg,shaft_area_um2,shaft_frac_all_three,shaft_frac_s9_only,shaft_icq_act_tub,shaft_icq_s9_act,shaft_icq_s9_tub,shaft_jaccard_s9_act,shaft_jaccard_s9_tub,shaft_manders_act_on_s9,shaft_manders_act_on_tub,shaft_manders_s9_on_act,shaft_manders_s9_on_tub,shaft_manders_tub_on_act,shaft_manders_tub_on_s9,shaft_pearson_act_tub,shaft_pearson_s9_act,shaft_pearson_s9_tub,shaft_s9_cv,shaft_s9_mean,shaft_s9_puncta_count,shaft_s9_puncta_density,shaft_s9_puncta_mean_int,shaft_s9_puncta_mean_rad,shaft_tub_cv,shaft_tub_mean,shaft_tub_tubeness,whole_act_cv,whole_act_mean,whole_icq_act_tub,whole_icq_s9_act,whole_icq_s9_tub,whole_manders_act_on_s9,whole_manders_act_on_tub,whole_manders_s9_on_act,whole_manders_s9_on_tub,whole_manders_tub_on_act,whole_manders_tub_on_s9,whole_pearson_act_tub,whole_pearson_s9_act,whole_pearson_s9_tub,whole_s9_cv,whole_s9_mean,whole_tub_cv,whole_tub_mean
Control,0.6256956213688861,0.50973207,0.05363343,36.87984,111.13630446383067,0.0037916362117573353,0.09169755664613136,0.3890084893779865,0.012197191187219403,0.04812963349691968,0.19856165813929205,0.19711226476314056,0.14014752370916717,0.24869952956826902,0.030711815441926384,0.45340319124491085,0.12991191390596799,0.34162289595744944,0.37380086246071925,15.748965414257244,0.43872073748764356,19.196779081503507,0.8112042388840834,-0.1306139028032831,0.12179604988187048,0.3325756752030236,1.1991871636891462,0.2386794,870,7.828225026884521,0.9000445,0.09188820575508139,1.222038416284095,0.1409455,0.019106047,667,9,285.6912059721256,1.738807118629837,0.10146741,0.0257375,30.77623,174.55490150829496,0.0013462305544475468,0.1003814319904268,0.022212804148384557,0.08986919957452466,0.24559151043744187,0.06206560345427946,0.3287612104935011,0.2529961423413236,0.12390814822223313,0.08475962358964378,0.4530610529317942,0.03477767532523499,0.4579271981948722,-0.1232086458587138,0.05107971500338206,0.4969911961459405,1.2846078148054507,0.23935613,1149,6.582456236238893,0.82922256,0.09033303291423736,1.3142205475363506,0.2621271,0.037692122,1.2039786373333996,0.26028582,-0.06053251553678052,0.05433303546041679,0.22436431211665786,0.24699999776294534,0.05013125420481711,0.2708695850096295,0.32362532559415913,0.13872140122920357,0.43745705041073335,-0.2062736138401974,0.06344495562340324,0.43533265802654414,1.2521872823169917,0.23909286,1.3762385804526052,0.21498646
Control,0.9139491507039746,0.1364022,0.020999013,39.874973,201.61659744748815,0.004895965235409232,0.10812133072407044,0.1864703293872516,0.11389864164844021,0.10096264533210542,0.16907447910671114,0.12271474749615796,0.15258855585831035,0.2013545365578961,0.06938384508821852,0.1825531327634506,0.16105034855482483,0.1677284078768424,0.26058482215517587,50.40414936187204,0.444992814082265,56.889022603341054,0.7419194823534286,0.10527927555754675,0.12548087273541952,0.336908127756819,1.326384550784678,0.15949325,1603,7.950734315991583,0.82618153,0.0856644634629433,0.9031090946724388,0.111743055,0.013108465,668,4,1081.2261559787505,2.128959924236562,0.10064656,0.020467883,35.70508,879.6095585312625,0.00014841884457578595,0.06774000976266177,-0.07224864444121953,0.0548927096663544,0.22929804482908744,0.03719766663698741,0.32275506760927347,0.14872366399796844,0.06869687990054803,0.06613618282289578,0.5659545473095637,0.031028654234164347,0.3646862296688899,-0.23659256810034424,-0.06405684875587327,0.4943692610015009,1.232117667975404,0.18956089,5817,6.613161423248216,0.65939796,0.0804350219293704,1.022884208968359,0.26781994,0.025167234,1.8739889197829898,0.10731393,-0.0714141972459833,0.05321619460573346,0.22701117813100358,0.16116784487893512,0.059932882811291686,0.06795831656445908,0.4938971081267628,0.03477546655209437,0.3589782138244793,-0.22916614566908522,-0.04658593556679095,0.46813395267815394,1.2498510720746623,0.18395415,1.0814641767048072,0.23871621
Control,0.7246125094397311,0.46016887,0.05925992,32.44878,136.22523526165898,0.022920393559928445,0.0596196439219695,0.4760340632601742,-0.022473166368515207,0.07413323110997527,0.23346856631740354,0.24030480751669112,0.27225715183904386,0.30665764090150227,0.12194155697984989,0.4807226540398327,0.32389229807595143,0.3307120590131697,0.4582352311872114,10.444943402312294,0.4700714402721286,14.315133853144946,0.8694039654948648,-0.10185732812346396,0.21794875289204985,0.45634940208517105,1.1187969461756488,0.2734062,1025,7.524303393790777,0.83647233,0.09171437110019506,1.2508745961660663,0.21177924,0.027772259,669,14,286.1669905062195,1.423902914088621,0.10242214,0.02689332,24.629473,149.9417552445605,0.023837164306168255,0.0451880659391688,0.09168698243170037,0.1560395867192942,0.2998219952016098,0.13719576122195495,0.445441662730278,0.28574140549858623,0.27959373656250885,0.1934067649017621,0.6233348196998908,0.14434179089959281,0.49706067078020766,0.06407597319523063,0.18629498290224264,0.6808699206547715,1.369842417110763,0.21847694,979,6.529201945132376,0.8053779,0.09139891385243312,1.2367442323707487,0.28010145,0.04663669,1.1360643648532371,0.2727217,2.281021897809765e-05,0.11001875506893755,0.25546431467964315,0.3080376639400103,0.1492490208241877,0.31848211601692195,0.4609557036259896,0.18122874637130107,0.4832491544568923,-0.08977944634333772,0.2098415470548792,0.5659626976990008,1.2414251593741898,0.24462515,1.2608840307156624,0.24757776
Control,0.8882634042679954,0.3669438,0.036625657,35.624157,166.32731041872037,0.008040884671736552,0.08627816925975022,0.3126335994415501,0.06868328333217055,0.1175565129421614,0.20071687713667763,0.24578028688288472,0.16334505098631624,0.3175009111330512,0.06446820991649344,0.4441988111494238,0.1820037028999452,0.3273127573625756,0.3629679499216514,6.6354535754848465,0.4879432133814647,10.808972110942639,0.8364675113447575,0.031165969535771183,0.2746021467304689,0.34125189807103706,1.1478711506593868,0.23146562,1271,7.6415592652797635,0.8362652,0.08906873151555532,1.0448912698113642,0.16383876,0.023765186,670,26,532.0199451236066,1.923289047583695,0.087540664,0.020869248,29.55947,365.69263470488625,0.0038892679211753878,0.09015922000444261,0.02682424713610254,0.1212614635229905,0.2534906229175261,0.10987156530588578,0.3232233975717765,0.3625798749070559,0.14754628896601787,0.13501459086105252,0.480332530467954,0.054771254150086705,0.4429346148585335,-0.08657426714637827,0.1860943500590969,0.4793156102132129,1.233710464572518,0.22459042,2181,5.9640249570776005,0.7626447,0.08824694675668213,1.1945548362245924,0.26408827,0.035990007,1.507107748051761,0.17489147,-0.009565992671116352,0.10683592897962746,0.22905078959996505,0.3343647121828532,0.0819692914998051,0.23401379870007924,0.37453509627575665,0.11830336373285096,0.4258396418603266,-0.11603885451817653,0.1915721760379679,0.43368784588138143,1.2066218946945724,0.22673976,1.2131759386005407,0.2327469
Control,0.8052095939194173,0.43708482,0.058048595,33.95715,100.39053669380799,0.009984394867645359,0.07921049589642816,0.27190721649477173,0.02233845798173617,0.07149462489885561,0.23370130620737484,0.19859204921911944,0.2169176873705469,0.26249299356889594,0.06802349803584913,0.4221779083346456,0.23040044335601306,0.3106435316685384,0.412865873714275,9.126412426709818,0.5078966959104121,12.599989653209622,0.8510561292237505,-0.08670496513188758,0.15420546199664384,0.40685223516474034,1.1611631523889303,0.24296129,744,7.411057102607842,0.9028501,0.09513208690084346,1.3282810044627547,0.10550274,0.014539847,671,11,369.20879845684834,2.420793545551037,0.07351031,0.021108365,27.963907,268.81826176304037,0.0004694582344053529,0.04310112238290525,0.051826570256853,0.13811785020505074,0.343462659184114,0.05090422613834318,0.45748788175365823,0.230618475451783,0.11723564284915002,0.07557240301810422,0.693580841334813,0.019804442017695812,0.5289889929346119,-0.13324364032375602,0.04244407506121958,0.6587663654428286,1.4402177095348354,0.20517051,1395,5.18937958623196,0.8398234,0.08848853382372161,1.3679264818729164,0.25725532,0.028278861,1.670453172103427,0.17236887,-0.015192827508171969,0.10649123082725676,0.2972325245159668,0.2587960695821221,0.04962453869833034,0.20004851483896852,0.5108254345679718,0.06565796464057214,0.5107453828948468,-0.19939058441222085,0.10105876954454136,0.5742390028289335,1.357177932659775,0.21544605,1.4645394164350223,0.21599269
Control,1.0456644609193384,0.30049175,0.050659325,29.81484,112.37798605280737,0.01150092936802974,0.08328170177612557,0.28102962941459647,0.03929161503510947,0.12084365964477484,0.2542983271375465,0.18292329490564793,0.3038598952282833,0.3071205987134465,0.11983710559824706,0.3117438760633715,0.3357485266088509,0.20415571656813833,0.5012438134634635,14.047248256600922,0.3792104853373494,24.400688025822692,0.7705744698521122,0.003019121124437204,0.23133439412673082,0.530227737338667,1.2342261233903469,0.23976023,771,6.860774312479799,0.8858375,0.09530039883781581,1.424431614803572,0.17063269,0.027380608,672,8,399.879494154656,1.7315564732524793,0.14222556,0.030748012,25.440094,287.5015081018487,0.004606458123107972,0.051750756811301715,0.14667507568113014,0.21121342078708372,0.3325050454086781,0.10548142980339709,0.4115208877284591,0.25872500764859235,0.13639831848296793,0.17303051762916336,0.495076189275385,0.07886259263059388,0.5371670330491364,0.017948498468762213,0.20035257522359154,0.6598331551625203,1.627913813260224,0.17069796,1375,4.782583608265533,0.8058535,0.08931118148306064,1.7005651630385124,0.17471485,0.028095676,1.4805756135345671,0.18670307,0.1085057604689631,0.1853470791375258,0.3086385269450651,0.28510334228153617,0.12406684734591546,0.23820366950941194,0.43301260696987504,0.12463231821892756,0.5308518116753714,0.011230724555067944,0.23008048654945742,0.6183653285108782,1.497916220890743,0.19010656,1.630332363752508,0.17356765
Control,1.1831636981854952,0.20294742,0.03501059,27.391373,131.0612323916157,0.006790109792810342,0.07749690100938551,0.1667724930228225,0.09379980520630427,0.16055538338941033,0.2458993713476182,0.22033373666882372,0.22476441691993,0.333734772676375,0.08089782209675067,0.380584104995858,0.2641155420274129,0.2552397761426251,0.41731352792581183,7.709484258330336,0.45559737102997366,14.409971475922344,0.806236246362028,0.04843242679209623,0.31332885143814426,0.4504730214308801,1.2544310248410784,0.2124059,880,6.714418779230282,0.89909184,0.09336117661127433,1.3073342036406588,0.16469774,0.02571599,673,17,785.8684008139372,2.16965358903919,0.10558582,0.023686262,26.8056,654.8071684223215,0.0009370514115582966,0.04046932319634217,0.13605410530419837,0.20337227745582787,0.35389197547273465,0.12605624549750574,0.43108518750862,0.31074908413075863,0.07569678275720823,0.17472813296856382,0.5332993708935774,0.06600882048348214,0.5369930293628662,-0.03705366252285041,0.21972662349504857,0.6538553734188052,1.5909495177602109,0.1527622,2796,4.269959363359133,0.73534185,0.08563162580006425,1.640440556580614,0.17001814,0.021730086,1.919143248627787,0.12182309,0.12934503329838598,0.2015041493775933,0.33562982678932685,0.32510278827000916,0.07397599354303908,0.2124126948082778,0.4702215221300818,0.09226735553897727,0.5214976527594959,-0.025836499120764234,0.24728698245627184,0.6164712937265755,1.524768421293547,0.16270915,1.592565896036747,0.16913085
Control,1.008587195493149,0.21211502,0.0326126,34.042442,273.62252510730536,0.0040369608549980915,0.07643718987234403,0.27678781048971235,0.07973196488400691,0.11932492896221214,0.2511636413758005,0.1315656973485459,0.24497408158665737,0.2208055257302181,0.10266971582520944,0.2106994760901922,0.2943795032012281,0.1395640183922155,0.36256618135452806,13.00643505106571,0.4733681974794232,18.56174663632176,0.8491479919696242,0.01389163275896874,0.1943771420563742,0.44529303556899674,1.4167988230868611,0.14675762,2032,7.426289188736844,0.78131473,0.08555791682115112,1.4496009548683386,0.13175803,0.02192291,674,22,988.5642168387602,1.629783745732646,0.12921694,0.022889277,32.204384,714.9416917314549,0.0018919719521498482,0.04855114512490058,0.0707810547160318,0.1255478095732766,0.3160374295963252,0.06323045338288084,0.4017765560251096,0.17677877798684374,0.10976229631950597,0.12063863354104655,0.5228561058917316,0.0570324665879921,0.4758964942962497,-0.07616080118105084,0.06644981693254959,0.6209765559276785,1.5794754989405109,0.14876956,4106,5.7431256947059035,0.6454646,0.08171614122778972,1.5747768929540908,0.17299666,0.022551125,1.4113415285178699,0.15216212,0.0561911595529887,0.11560313659200827,0.2974604697844767,0.1892788697207418,0.10250175404547708,0.15350122052455945,0.45469877164474143,0.08157263131334024,0.45048663510890113,-0.06781079140800422,0.0968444858530283,0.5835329246865296,1.5370732170215486,0.14821269,1.567041891359754,0.16158235
Control,0.5895070967011986,0.49994177,0.05582425,32.35386,125.42144498747852,0.006771604367135455,0.08103950777202072,0.3984956861587113,-0.10273061621021468,0.005516746854182131,0.23403381754256103,0.16069961777300737,0.33025967143614143,0.259155414196845,0.10362273566756816,0.34067165741730987,0.3337583786453116,0.18635092792528474,0.5295991869569603,15.677680623434817,0.382086840985286,20.727084553995073,0.7745358741795227,-0.2845091405444393,0.0023058011198382475,0.5336647918793052,1.0000597796817332,0.29961845,1073,8.5551557798291,0.83517104,0.09076355037272928,1.3002629359220776,0.2140788,0.02740282,675,8,314.7372715535152,1.3119812649112965,0.151711,0.035154987,27.0616,189.3158265660367,0.00743992889542724,0.07205850802991295,0.06759148584038255,0.11944112418781416,0.2959344734583793,0.08950766838327257,0.43652203428183467,0.28861959679208354,0.2197993535561062,0.13852346269339424,0.5416467669694336,0.07356133255444854,0.5528117631496339,-0.014856494914791431,0.13960300860589975,0.6457838743126773,1.2550237462098066,0.24307929,1240,6.549901413376083,0.80019253,0.08990861879798746,1.302630222713113,0.25135502,0.034922633,1.0183890806170364,0.2904794,-0.04506258756728854,0.05544852886955243,0.26473665290170345,0.2795226386160632,0.14004786635073802,0.26968777435524793,0.4474100076265171,0.14327110164483042,0.5491152343810813,-0.14200388468511854,0.11001450659312116,0.595480964708209,1.1452084116782724,0.26560992,1.3080110006971764,0.2365006
Control,0.7997364406712931,0.26302716,0.03727932,37.564484,196.9051701098756,0.0018564356435643563,0.11566993752946723,0.26292709382502105,0.06069144860914666,0.08893947430457327,0.17472963814238562,0.13018204758471508,0.13913825499044447,0.21209771872337024,0.04089442052281606,0.22234200507930668,0.14174632758181266,0.16760396017574733,0.28945531967201443,17.90047000998869,0.43158084995815504,25.33921296154598,0.7982352107501043,-0.06060799840155959,0.1150512955607006,0.31567041654039235,1.2694479848018299,0.1927571,1660,8.43045410678072,0.84081274,0.08526034321678044,0.996599000878202,0.1602938,0.021008518,676,11,748.8964611645935,1.6885244537752924,0.14631453,0.034533,30.425875,551.9912910547179,0.00037184392541047363,0.07042829062164946,0.026524428700569702,0.11628466163516726,0.273816406332121,0.08178693529809676,0.30302416424818657,0.20963443555795355,0.07700569355603683,0.13857236092455688,0.4443600489435381,0.06305090627248347,0.3957594717477112,-0.12119143336445148,0.07867771802719031,0.4939361708082931,1.4443449108590944,0.1704711,3256,5.898643787980794,0.73788536,0.08234360028148202,1.3711796110632233,0.20848243,0.023553932,1.3753465956577708,0.17700148,0.007819400325404846,0.09689606415123575,0.24866448438831645,0.2122749059193128,0.060141330377715956,0.16985671591562762,0.3524514916829643,0.08982494839335714,0.3714153821031367,-0.12554614673082357,0.09331704100138674,0.4487741121904983,1.3951913017562254,0.17633066,1.3257706462687544,0.19581236
Control,0.7561653104661251,0.36989272,0.04357844,36.545486,249.76367139762215,0.011069553500906007,0.08215049017330298,0.342183500532553,0.024209566510244862,0.06628955071319054,0.2389101194071458,0.16247616232838627,0.21002317497103104,0.20867208663179057,0.0835826150335824,0.3467563519847863,0.23653086706848855,0.2576279895549448,0.3775476483555522,9.95712589351,0.5012522120037375,13.888095887908621,0.8575342913245743,-0.07655598020146001,0.09179288623783928,0.3893302145893017,1.3049434875643542,0.18742953,1962,7.855425847243105,0.79144186,0.08547533378013689,1.4780218102884657,0.13657925,0.01922258,677,27,729.9114978041647,1.6597538116267887,0.10798775,0.026709031,29.324844,480.1478264065425,0.0025981245166279967,0.08760513341067286,0.08337260730858465,0.13868849091260638,0.25491831013147714,0.07467876401199357,0.2567181084524988,0.21185031285540737,0.129919689904174,0.11347046212861912,0.35873271432576087,0.05503797610494497,0.38406869131315124,-0.03239383994465313,0.10003344044481845,0.4532698022417125,1.4746907661540802,0.16456391,2930,6.102287334981187,0.73640776,0.08319368557949042,1.5497913895942543,0.1704841,0.026214411,1.2736277801273677,0.1976073,0.02142025310418294,0.08774881158682968,0.24651226569579798,0.21165383024646475,0.09711187135456835,0.23188241895566597,0.3117950352185392,0.13843244283621128,0.3834713713494522,-0.07270859749440645,0.10373110009866361,0.427315816207302,1.4129494255457347,0.17238818,1.5433002066738215,0.15888244
Control,0.7686325892083112,0.40706226,0.043203764,35.56035,155.61635615119235,0.0006245339299030574,0.0964765100671141,0.3826617965984677,0.0450037285607755,0.09798657718120807,0.18841349739000746,0.20423162332465342,0.09979702300405933,0.25281333515122106,0.025459808393131018,0.3957579319437813,0.09940298735404698,0.2570899922868686,0.3193247284269175,22.16128101660956,0.31055056890498495,26.078886327527083,0.7918387195787534,-0.0631806987781981,0.21132338811411078,0.26952714840614556,1.254577284800382,0.20872045,1219,7.833366814056947,0.8775842,0.08774572626585317,1.3089035857308986,0.09530692,0.013542184,678,8,406.66812714111745,1.5547997659219588,0.10818418,0.027238969,28.055683,251.0517709899251,0.002637630581492096,0.08556554497550152,0.07740997966164376,0.12229303411297032,0.2697547841360821,0.06552868560085187,0.36039173014145776,0.2476494168249334,0.1553847563209891,0.09168796229889223,0.4661798909440713,0.03557362109992419,0.47472008306003743,-0.06629160400228572,0.09331571591997907,0.5500501035614805,1.3470754848855455,0.21236432,1664,6.628114963849886,0.8007645,0.08635911220553234,1.4168916971037158,0.22583179,0.029150184,1.2389542759043433,0.22255339,-0.012131177947722838,0.08548538979568543,0.22952573907088236,0.24508879624198798,0.05620868192318187,0.2143367258574394,0.3142848544643596,0.0795976386451467,0.44189222502929704,-0.16572197937540903,0.11964150519234407,0.46114403968153206,1.3132699332443605,0.21096994,1.5381114830941114,0.17588492
Control,1.2139595384142206,0.13356535,0.022018831,34.932705,288.3022186592262,0.005159696506198679,0.13616466752535825,0.20272707243631732,0.04363226533569475,0.08646453872162296,0.1273647560779263,0.1277845281490481,0.18185287517745638,0.28460458148813667,0.10854043671987634,0.15866162549784754,0.2319457407908144,0.10670748611562969,0.32931529747893756,22.177093743017394,0.4199413220484965,28.358616424550537,0.784922007579265,-0.05849412055693919,0.16060882661689546,0.3072629919818722,0.9851230382940057,0.22562642,2181,7.564978202880881,0.76642114,0.0872251664770623,1.0490487064523897,0.14446153,0.017859343,679,13,1422.1199724065975,2.2321317631440616,0.08131807,0.016023101,32.583935,1133.8177537473714,0.00013817102502430788,0.06587239649966736,0.04413220920116678,0.1294707282124763,0.2673161557750371,0.04765114241423467,0.3038952616231576,0.16803898417972668,0.06546144569118754,0.07219482196977263,0.4430679296616785,0.0320951032126971,0.3781074855035002,-0.09731835385576243,0.050474131327917865,0.5173549117429084,1.5421265608813188,0.13689777,5631,4.966406621689009,0.5947552,0.08180042293669172,1.4873929369598076,0.15329729,0.02178088,1.9474843829507504,0.09190999,0.03751968600314981,0.12421357987417281,0.2316471370635419,0.2111082548189973,0.06975288896876919,0.0901732859242168,0.36886810338063986,0.04274375438228428,0.372144716060382,-0.09306124945093036,0.08945711068290746,0.46970357737021573,1.3970528124790302,0.15488541,1.4174543797141002,0.151506
Control,1.413962346222164,0.12653655,0.024041913,33.29388,474.25273998411103,0.005552938729568366,0.07301403298424194,0.2651596745519751,0.07239313154546345,0.1280249828716844,0.18853534550259377,0.08596022517212269,0.2156850632051211,0.16265053019552667,0.1004806959701001,0.14335960838078113,0.2395945325735712,0.09376760677329304,0.28204753391110815,15.780573864141298,0.49483009324011995,22.31604331328207,0.8342286150452153,-0.026116096880338883,0.14258718157035613,0.3949327714943625,1.3087246453572359,0.13931946,3035,6.399541308081936,0.68230104,0.08482469715284846,1.4052584997622464,0.12464634,0.01880178,680,32,1788.5552951647035,2.2453125630178015,0.07088483,0.014658198,32.716557,1314.3025551805924,0.0007521543732010101,0.06207067050451182,0.128485405004503,0.19623117130798706,0.2658531847639902,0.08447505235411172,0.24214387322039468,0.22811670497312944,0.076854393916702,0.09840001942674717,0.30092940424269726,0.043330517184041274,0.322033205575251,0.01174163162442017,0.1990602617325713,0.46255521454980997,1.657823035021946,0.11584351,6233,4.742439231690512,0.60850805,0.08163199428983209,1.6264938968064773,0.12284197,0.020264512,1.9435909012852615,0.085641444,0.11015703061131799,0.17810792792909702,0.2423106743832968,0.20246852938217322,0.08403423916361578,0.11290463554694259,0.28016170845908217,0.056957005733125496,0.31131662126266285,0.0023873279307281637,0.18862020086255005,0.44623932576784003,1.5548920508330024,0.12206836,1.5696932548273295,0.12332043
Control,1.1257265694713248,0.27535272,0.037986167,29.983555,180.49640593405263,0.0003254789764690755,0.1128970039861129,0.3168272462468634,-0.015550662209078026,0.07852481676739098,0.22274816767391026,0.1266848452602641,0.2034452644737064,0.2315583962077768,0.03239440626417416,0.22674606823082646,0.19020753369263463,0.08913634430371296,0.47613486724712223,8.999870619914784,0.4214099586355678,16.203279629436434,0.8035098734356648,-0.16592139617703178,0.09745827870991335,0.4416385807629217,1.2426785408877594,0.20219514,1331,7.374108050027133,0.8115592,0.08997764093870098,1.7968543749368322,0.10793456,0.020143392,681,21,569.6997593236754,2.515669752879489,0.058983885,0.016716873,29.07294,389.2033533896227,0.0006075017144220162,0.07072363517099496,0.12441672381406721,0.1603655445898804,0.31258572110080807,0.019638069155522013,0.43296144325002517,0.2143862315491988,0.16068861887766375,0.030624016137899255,0.5366198445975625,0.008584297168972408,0.5076200777688358,-0.05195935508482926,0.04879505033519736,0.6650823333060429,1.447500930637974,0.18866326,2277,5.850412079363463,0.7245288,0.0846339751316881,1.4027701310705192,0.21564774,0.030238023,1.8491481691487146,0.1275354,0.03475673721304462,0.12010240767522862,0.27447395759069526,0.21969103914892282,0.07257714414444781,0.10295162689583195,0.422979013112495,0.025662019435678775,0.5029630267675589,-0.1497785144228035,0.06985577521050138,0.5958554361268436,1.3808875455747347,0.19295049,1.5281349387716001,0.18152127
Control,0.7856179336445965,0.39491895,0.048936404,34.583412,129.61066978767096,0.00432558868296177,0.0967130002686006,0.38562994164957626,0.08413353926045308,0.061520727012266074,0.19438289014235832,0.15181124575238808,0.10126824468375853,0.20201185083160797,0.02544116798053893,0.3689930663550993,0.09609521239110186,0.3354670462351082,0.30295178312462556,12.961066978767096,0.41178442978058055,19.114941453091053,0.8060084750643333,0.028608950504749715,0.12250715021499402,0.3094692624238576,1.3099822068481943,0.20009476,1044,8.054892407465235,0.8952502,0.0889116993857614,1.2931052052268015,0.09980057,0.01601217,682,10,336.10115758441344,2.3717713461632486,0.08601458,0.023065768,29.34132,206.49048779674249,7.376081825334382e-05,0.09624381814094639,-0.014495756996740494,0.0685308249971901,0.2578045970551871,0.031302013422818756,0.41452577285718945,0.2507229666379732,0.11512151523987436,0.04369710934822393,0.5756756942388361,0.012901277291008133,0.5153731093476572,-0.18259748957567304,-0.012516639901159855,0.5895499373275277,1.118708277112071,0.28329086,1372,6.6443738626345565,0.828004,0.08853909959203979,1.0483538502477294,0.3321064,0.035294876,1.4237103647893443,0.20513737,-0.08598038877188136,0.021866260401201543,0.2549697027241653,0.2099088028097577,0.0421190023248854,0.1715454468917656,0.4245347175567333,0.0767476054693753,0.49187182206054914,-0.2743881594509459,-0.03134536491012307,0.5295471718177059,1.1931785215120208,0.25120798,1.2620446935495582,0.2425224
Control,1.008524118335343,0.25440004,0.042122304,29.495384,151.25306383852657,0.01706114776737763,0.07400836274359368,0.25686807772649456,0.08731970231701702,0.16937432867883995,0.19907549485959797,0.2427707403177237,0.19171490221598075,0.3158737831901802,0.13621392232219118,0.41605683696135226,0.24440678467726995,0.2821822359590328,0.3567957749229502,30.250612767705313,0.40233980210676173,36.531537234444556,0.8407911416174965,0.08930125898118535,0.35742227225952783,0.327766674430612,1.3429255823367048,0.2074302,1020,6.7436650479242415,0.89513004,0.09117938424028797,1.4923610019231104,0.1405877,0.02871108,683,5,588.8355811949144,2.001873718565095,0.12519163,0.025643837,30.757662,437.5825173563879,0.002661901983663944,0.036830712315688977,0.2553088867083908,0.3042441259149252,0.347999761323857,0.1917180150946146,0.20555243970835646,0.2807870180760441,0.07539708875562241,0.32745604848496646,0.2848316511629628,0.1433274931107438,0.3534418033174094,0.10064476765836365,0.37180538807868996,0.4466772850343514,2.2296992343252446,0.09798879,1505,3.4393513001661193,0.8357981,0.0866348107000355,2.325429156687526,0.09961633,0.02173795,1.6315172914985332,0.15838118,0.20516904142524928,0.271443035355327,0.30668381222655783,0.3036895962763283,0.08953325171077335,0.37505683221472313,0.2541397331564949,0.19586709638797803,0.3608643914365233,0.1123297275461314,0.39297072523999144,0.4141666152963664,1.9047711879314466,0.1261008,2.060533796290503,0.11014056
Control,0.6973985123587905,0.3968339,0.045611754,37.939754,185.12660176584427,0.003714034977747132,0.10376574938882968,0.3255049989797428,0.03067213063373664,0.05758321318874193,0.19251473077164172,0.15838599994348723,0.15667925959881737,0.2225242003683552,0.05041941463124772,0.31750103718649403,0.16083737461947722,0.23130695714949331,0.3494618776824993,18.512660176584426,0.5007535899177524,20.494259530313666,0.8455730841464428,-0.09812815748790762,0.09623757477615488,0.3363734920029152,1.1991281538763485,0.21373281,1509,8.151178629140668,0.8266227,0.08677426345782242,1.3027510241559053,0.11673417,0.014993088,684,10,568.7365857546561,1.5587851161115835,0.13187292,0.031136667,30.51097,383.6099839888118,0.0024389690534531265,0.09723923828538585,0.02861156487279548,0.08560781377620474,0.262561635962126,0.07151487919948021,0.34472925661549103,0.23821955287404983,0.10540889156350208,0.10644353718750706,0.4037352417435946,0.04660594256185509,0.4908101533434576,-0.1255375548881983,0.050687974885425584,0.5783611696768196,1.1966993261781496,0.22047234,2274,5.927895766304482,0.73877275,0.086594671899275,1.3461374030301736,0.2130755,0.022315526,1.2029404847153247,0.21811903,-0.030373903285043857,0.049720720261171136,0.2432985615180575,0.22986366344598472,0.0641259508647004,0.20308491391478498,0.320552712343942,0.10067334746739305,0.4616730368233036,-0.1784284729259737,0.053708767462887955,0.5088735233501315,1.1976700847088948,0.21827866,1.4036346953799341,0.18171589
Control,0.9552703092738717,0.31826276,0.04411436,31.221243,231.26609707211875,0.01950988509207687,0.15721749711475738,0.3378712871286635,0.06226479000451601,0.09029868533293195,0.09571792362888254,0.2276715106454882,0.15429378617820005,0.3783623016325531,0.16261619158986104,0.32257381015674413,0.2020231502269,0.27015313519462614,0.36422438078563263,10.033352327667902,0.4810981429367227,15.734438881216112,0.8255810728142283,0.050765132919710874,0.21763602871281,0.20864529378110225,0.8679592376693773,0.31626302,1701,7.355163690373602,0.7854238,0.09166924334490628,0.9409135321350738,0.21114233,0.030720918,685,24,684.4798770486152,1.8498954610976976,0.07673201,0.019465819,28.099836,453.2137799764965,0.003483868902829343,0.19909582639866855,0.16815068493150687,0.12713961080527458,0.1734300985789271,0.07118070594709724,0.16609298941992678,0.35808994718397974,0.10425101550908272,0.08494309036293571,0.20202564510578835,0.06748626728371428,0.45811693781784785,0.05392594978058911,0.15401500623863226,0.3606603649720134,1.2094733457610656,0.20144822,2515,5.549257571404541,0.7200736,0.0892064530769429,1.5451782858349872,0.15769361,0.029157296,1.5160331730608263,0.15833834,0.15530694764681952,0.12869273870880238,0.1534007103621321,0.41987139597635587,0.10874678378052373,0.19998732806318073,0.1829943835107701,0.15913455645678676,0.4294696777434318,0.0931026051088092,0.2540234438769741,0.3228719366550157,1.0831649944927793,0.24024081,1.3134328249499938,0.17575234
Control,0.950759742772005,0.22294278,0.036543615,35.114433,231.84632211369666,0.012128359777766655,0.07475661945042295,0.1928121290496756,-0.04342997647529906,0.08300903448621055,0.14612843485659943,0.168806673278549,0.22710121394881294,0.2714977439549147,0.21523061773575614,0.2626955904673401,0.40523268081619795,0.15780919196194518,0.29892912190455717,6.612244573821731,0.4959918054284121,12.694610896461953,0.8289108949296763,-0.08781282058671852,0.1970772576392587,0.28921750251830153,1.1680627776200752,0.2077564,1945,8.389177720254452,0.817557,0.08568259286810262,1.004961198161957,0.17252336,0.024728183,686,36,1202.4467716652052,1.6083819563273867,0.14068887,0.025046682,34.834347,970.6004495515085,0.007272238163558106,0.04932598039215686,0.10764511597321857,0.19746233859397422,0.31075218197034915,0.15721936793905608,0.27890759499384216,0.2723946568349793,0.13361534829567318,0.28599931126200934,0.3957477191444456,0.1565983874167585,0.40809779784384637,0.07608740218256807,0.2835381970568684,0.5046023283458454,1.7190197352715675,0.125746,4869,5.016482325192975,0.68600863,0.08096869706670604,1.7586029402666563,0.1258527,0.01769968,1.4432266172483115,0.15654841,0.07698153813489805,0.171973769289416,0.2794021849274747,0.27665805880959743,0.1503994788752625,0.28643348209266645,0.39567272272414067,0.16166169983476925,0.3842398101782457,0.06318773214725908,0.2807265003682782,0.46877290111870945,1.5814585727684296,0.14155866,1.5848313882322624,0.13485146
Control,0.9655152677339478,0.3343348,0.055259593,28.931337,179.13867933676036,0.012283798665543823,0.074795944807929,0.3518003646307422,-0.01000842132538704,0.07643567402992812,0.23151762000388676,0.20019291864673747,0.3109195333389284,0.307289886723451,0.1221453118261777,0.35519661281366166,0.3534627917806036,0.2462880830958186,0.4735575925869428,7.146515792106658,0.48720790958503973,14.179716769642301,0.8322615654126138,-0.053260502438151766,0.17965987075128598,0.5057258656068029,1.1081802882154654,0.25848886,1443,8.055211779732497,0.8036539,0.08973722837339208,1.1632798388222825,0.24649546,0.041490603,687,26,509.2054964887637,1.816795517776577,0.10337005,0.028979216,25.283192,330.0668171520033,0.0025819182224097316,0.06460948212213902,0.12796645923425798,0.1713273037302675,0.33330037267517487,0.08382154868243823,0.3980218227490381,0.27603661962055825,0.1673303895324331,0.1248104958973788,0.5170813187630282,0.07798933902073422,0.5126015575933809,0.04719455622673585,0.17033163051083572,0.6358802618813679,1.5024828039817069,0.17942517,1941,5.880627494600699,0.75627506,0.08521901960040787,1.4795704426625282,0.19461718,0.029594822,1.4501988390411038,0.18462348,0.068939437101185,0.1332654398359161,0.29289254785779395,0.307498928103191,0.14298195980529677,0.23622799540025127,0.44336865470446574,0.15641381696474382,0.5012732354106879,0.03432643262926688,0.20940818628489133,0.5921724605086041,1.3424511121445861,0.20723978,1.3557288080721335,0.21286795
Control,0.7492710777413275,0.20644613,0.028739924,36.042496,193.69072337953406,0.004268767599305015,0.07556093104068061,0.25373202395788835,0.037538943143011205,0.052314870289377535,0.21271194056677256,0.1018526185054853,0.1916072502362336,0.1475952397903942,0.04359190527088991,0.26641692875153533,0.18997022554865095,0.21916102964953443,0.3305050544250841,14.899286413810312,0.401301861533046,23.716566020654348,0.8148055483250368,-0.07086590067848082,0.045600056963402774,0.3878179275003796,1.5563277735557173,0.1356054,1458,7.527464271700397,0.8406434,0.0852166572004956,1.6427190908975955,0.12256954,0.02348055,n015,13,763.3672737015463,1.604214473047852,0.15910557,0.028098924,34.27182,569.6765503220122,0.0001502312032755495,0.09141441404738139,0.02057785541137891,0.09018200892220574,0.22792747143060843,0.05901979818046366,0.21941282137008336,0.14031914144187493,0.03837356552501258,0.1274734462914811,0.26968700981149424,0.08130953846526838,0.3377270739563092,-0.11803159390876614,-0.001450513921761726,0.42985645319670956,1.4959931327058338,0.15736367,3872,6.796839360529505,0.6894198,0.08069988963029479,1.4242597268031576,0.15876782,0.023768814,1.371928841419197,0.17111741,0.004120618102216422,0.06978732784044273,0.22513472530479461,0.14069092873300446,0.0412929016782929,0.12118630951916533,0.25395150740342676,0.08193613608323656,0.3352649551907227,-0.11521051687750826,0.0021816463993759366,0.42239305273887673,1.5125645119498277,0.15184297,1.4752096798040828,0.14958313
Control,1.0791825679341343,0.18273655,0.027752336,32.934643,315.7584676266923,0.009327912532157295,0.1318426130099228,0.24840467778597447,0.07133177140757074,0.06917493568540978,0.15710905916942297,0.133820651924952,0.2046967878372198,0.2732660081890379,0.12421343617360465,0.1918563682660517,0.24161958305818737,0.15720717723529495,0.371852976604844,13.156602817778849,0.4739341353040016,19.61474341005761,0.8377481022802274,-0.016088548465895035,0.12302836688332897,0.3245813140939604,1.0185906583838258,0.22162908,2713,8.5920102804863,0.732784,0.0832370902012956,1.2740216487577385,0.13498504,0.020459183,n016,24,1271.1454165880284,1.933124783705605,0.10447001,0.018579267,32.00381,955.386948961336,0.00284756890038747,0.04819535036256969,0.1740486341386389,0.18594602145052164,0.29907748181078353,0.07884129136282016,0.35754432669634273,0.18059974360718126,0.10978844377518203,0.1346967136008006,0.4353284445887922,0.11738030559205155,0.4211000759369996,0.09151411769494279,0.14219729323619623,0.618803315550567,1.717786520322614,0.12043138,5107,5.345478086707821,0.5969713,0.08116078177843808,1.6636941188185423,0.13273397,0.021050349,1.6432076239762057,0.123911776,0.14171379599959832,0.15682827577392522,0.2546284884835538,0.22817124980326017,0.10742780168560308,0.15878159726727598,0.3490829282555423,0.13024824520701855,0.42102042264252526,0.06941767435813143,0.16593846741279736,0.5385019047838643,1.4851277439394464,0.14556938,1.5736759655360955,0.1332931
Control,0.845047824777221,0.4081128,0.051269557,32.62482,154.47911506969967,0.016108586237980768,0.06366436298076923,0.418156117480647,-0.014930138221153855,0.10341702974759615,0.14989764873798073,0.2328994446096438,0.21754400635531182,0.2902790426892873,0.107894751303577,0.45536680551646114,0.27338965323190534,0.3257926119044324,0.345049745597798,10.298607671313311,0.4313185030540823,17.24844397067965,0.8181108828278693,-0.09340995821400098,0.21193027715119273,0.3701252531328031,1.021378101708187,0.2605049,1315,8.51247755663173,0.8247082,0.08876929360532129,0.9032878197861324,0.2704174,0.035854634,n017,15,369.4292839726479,2.5752137732981857,0.050092608,0.014797523,32.246754,214.95016890294826,0.0007220752577876154,0.09599551908438159,0.04046320790368729,0.0902087944717378,0.2151615559034714,0.02668377850859599,0.33137294087418245,0.2085379449375123,0.1357857539092775,0.03466544459177659,0.47018643875923166,0.020054836944364923,0.3980935409731644,-0.08815775963911246,0.004181333406146756,0.5395115707533357,1.1820466137189396,0.22040197,1564,7.27610500601854,0.74640304,0.08866089918905276,1.025634360489034,0.29455218,0.03844158,1.5065182953723324,0.19980091,0.011414323857389719,0.10758599026228999,0.1856722161143396,0.2948758047363457,0.11196336807534278,0.2501446493114019,0.37979854502272686,0.1578012011952954,0.3777173867604868,-0.08781886176751068,0.14754410498850745,0.4684460936689262,1.1114461690982342,0.23717126,0.9830254843715457,0.2844601
Control,1.149785853460757,0.19779986,0.04009047,27.38498,142.6773377240052,0.026636844245628306,0.06058357055713705,0.26527001661303834,0.07137555917039451,0.16930154534363562,0.17748068320455468,0.2249894959505075,0.2795310011138121,0.3618280914583767,0.3348668162974108,0.3140777752434009,0.4836333598046607,0.2133134895354561,0.3675931422368988,12.970667065818656,0.35411376286189805,22.399480900294595,0.7390332650462867,0.1464750274056032,0.3508642685447859,0.4149372131123008,1.1810855881117834,0.24703656,1050,7.359262632376715,0.88621235,0.09118240558663859,1.038017155594844,0.2457143,0.036652133,n018,11,537.8570090418802,2.021836052546345,0.1305029,0.027359067,24.960405,395.17967131787503,0.013028939331649734,0.034091075938215774,0.2755568362013273,0.31870705350325956,0.37273704997944446,0.25808637993124206,0.35807860262008706,0.46348535344604636,0.2253874229746421,0.3420348494035206,0.47427876754490084,0.19549699822005392,0.5094234308221753,0.22170111196166384,0.47896449590661955,0.6075484568419628,1.7908221660999688,0.14104503,1483,3.7527234006091565,0.7916163,0.09237921942735144,1.809869097452863,0.15272564,0.032603584,1.7284742863416631,0.14835475,0.22445468079138708,0.27747632095622343,0.32289531597229715,0.43207887843660797,0.26570456715447477,0.3190873290982924,0.4779295672215432,0.19274518908755303,0.4626878604902184,0.21851915159903232,0.4519315308983813,0.5628054988460521,1.5823418680468373,0.16916144,1.5446217667831355,0.17739277
Control,1.0448484740079667,0.28955287,0.05421377,27.041136,174.14874397919044,0.01654644499233691,0.060875757979609514,0.3116783318448424,0.037857333244485925,0.14405777303924838,0.22764376624242022,0.24393756568448072,0.311226889965658,0.3721702612108999,0.16180385550153972,0.3900876355666842,0.39005670603037423,0.256367361470264,0.4736543117815522,9.648497746949808,0.3695579143913101,20.156198762951544,0.747416862517763,0.0547666461998554,0.33021304170968774,0.5296396615397362,1.1499235389540932,0.25450268,1190,6.833239062243902,0.8443461,0.09314809162938938,1.1638091221568585,0.24578324,0.04005468,n019,19,558.7451105386846,1.7953328437753908,0.13212265,0.037174117,23.888462,384.5963665594942,0.006228878764105968,0.028692821797115443,0.21965330999939658,0.2621692263593024,0.3665043600265524,0.1587533146421705,0.42626278466014983,0.3090503563470612,0.16128483531206952,0.2591300449299394,0.5397684059542902,0.14323005436800462,0.5400348976281544,0.12374136253688797,0.30878076790436787,0.6761100665061213,1.798651783992447,0.13714622,1668,4.3370144521153176,0.78699416,0.08742411506173149,1.804278401442849,0.15638965,0.027567923,1.486810564149085,0.18119018,0.17612255706245195,0.23099649006209888,0.331393175351513,0.35329114909012854,0.16850173219561868,0.3387649241015294,0.4801517963218178,0.20607472740507865,0.5204573639316515,0.13216951597867257,0.3540859954336552,0.6326895075874663,1.5395635755908326,0.1737237,1.5543552594932792,0.18425168
Control,1.3788717969364563,0.12419493,0.029140675,31.938793,372.45805868968455,0.020247850199401795,0.09198965603190429,0.20283370618939983,0.032398897058823484,0.1160132882602194,0.20992686004486538,0.1579041601450823,0.34530584394353636,0.37907790718246365,0.2671493696246912,0.18265932733364765,0.46858183225263966,0.11869256750037142,0.42644338319343256,6.897371457216382,0.49258729278250896,13.278742287022235,0.8463140886774184,0.017119485766713335,0.2386538964232226,0.46152489211925235,1.026523723685398,0.25079313,3051,8.191526344557195,0.7137641,0.08537012851539307,0.9752028398288383,0.21904692,0.0301487,n020,54,1836.27300258407,1.9764823182461388,0.095333755,0.01982816,32.995834,1463.8149438943854,0.0014948431133167382,0.06869589430958761,0.1296777639485659,0.21176679852864233,0.2771608583976788,0.15655032878098124,0.26247596848919874,0.32073862306455075,0.07516414696878305,0.21124119433115365,0.3208555892637475,0.09426685808896529,0.4075591723518937,0.019158375942348985,0.28444743166069847,0.47493058459056453,1.6018666821895673,0.12189732,7732,5.282088444478497,0.6043705,0.08097078117666934,1.6831536324691467,0.117050916,0.01782544,1.832572941376668,0.10118772,0.10921839254793408,0.19047573907658089,0.26774384155512587,0.3358750130075546,0.12749364430427296,0.1994733269376657,0.38161477690184314,0.10055685312730245,0.4244911291448373,0.030830353645112586,0.2769813934221058,0.4947473109698175,1.4569803643273889,0.1480418,1.485743243940842,0.13773908
Control,0.8666208062276184,0.35174304,0.03887611,33.60592,174.9030365332417,0.004714868630573249,0.08128897956475584,0.349568605621973,0.09462496682590238,0.08911806661358812,0.2773022823779193,0.13415803709011742,0.17468582476491745,0.1762196375269869,0.029467556747731268,0.3211722345485862,0.14988600814752567,0.2574591798864546,0.38285825921307504,11.660202435549447,0.4347602445478723,16.98678170918591,0.8253108109136593,-0.0658729963620955,0.08866754563561711,0.43034246050202546,1.2338607087078193,0.18813312,1459,8.341764836780701,0.7078938,0.08720023678428261,1.6321689358070746,0.10458107,0.016218474,n021,15,500.3396578534534,1.8192576152008548,0.09797116,0.018959858,32.066166,325.43662132021166,0.000432356297247183,0.10279605263157894,-0.02808533019540721,-0.007519433746969062,0.3055421837113108,0.015484877179301497,0.4091689981838705,0.11230293745696109,0.04355326012289819,0.0388158873725949,0.40286745658696566,0.02070929190189355,0.5402098272998055,-0.22095996682310348,-0.14036295943755997,0.6746531433641477,1.168119269360338,0.24177319,2350,7.221068085287819,0.6176219,0.0855847034053191,1.3380165611631425,0.21092032,0.024958342,1.3946719530600928,0.18668185,-0.033118505891084504,0.0143754638649225,0.29540367844883575,0.14165702831757884,0.0326946068224049,0.13259689803446045,0.3315231391535038,0.07596976816915205,0.506447226992567,-0.22013944381773576,-0.0790364795771163,0.6221701411218664,1.1978656983680622,0.2230223,1.4623908031330086,0.17374745
Control,0.7537706363723031,0.4418476,0.05798828,31.976536,126.24536454651914,0.010277828844562919,0.060408815148451145,0.34230067333701625,0.027489888776542015,0.09354605202684074,0.22537687287434505,0.2304004305178442,0.2368205886933495,0.28230690757558236,0.08035211501308581,0.4517984962782824,0.26166598498698734,0.3152016454416144,0.3929382669038515,20.961596668737545,0.38322178655104056,26.453698570394028,0.7668843212379612,-0.050236726075906436,0.23467599745454168,0.45267519944903056,1.135956305969165,0.23038352,1050,8.317137059018608,0.8736171,0.08940475694911394,1.0829708016350739,0.17455813,0.021365946,n022,7,368.81424542857536,1.6081499937994765,0.07970754,0.019909652,28.24953,242.56888088205622,0.010985265272927331,0.03956070898914032,0.045187891690188,0.10855798210783141,0.3298928383485624,0.06576007458488044,0.5350697563811232,0.332008783977104,0.35310354840580827,0.09112439099795713,0.7741814257569819,0.05801970494999772,0.5858506075339635,-0.003700788944391669,0.08463706397282039,0.7066662246686028,1.1693245772305005,0.2740717,1531,6.311609281587048,0.78719246,0.08847394128469624,1.0699083582212014,0.33230817,0.034165185,1.3739109458633283,0.20366828,-0.0815319992448556,0.04076599962242777,0.2986753508275124,0.2807997490374405,0.13014275664348363,0.1835294831097286,0.5980864563747613,0.09408369323661869,0.5437016951161605,-0.15806588384946282,0.06768304755623546,0.6471168559395829,1.166899992993817,0.2591172,1.141760381833658,0.27831018
CHIR,0.6252831107216649,0.44278067,0.055069797,33.03866,136.22523526165898,0.024986157253599112,0.08710814379419031,0.34800782639621136,-0.04203935599284436,0.0385946417923162,0.21738968395945135,0.1813793027433948,0.3370296552923389,0.29957189840336806,0.2035840628627352,0.31005842456492955,0.3989224150377228,0.2396585482810808,0.45496545257031057,34.056308815414745,0.27386779117167814,45.20974492560829,0.7193426717857571,-0.11441965021214046,0.09824815446669691,0.49951136782451383,0.8962223091454143,0.28658882,1207,8.860326045176066,0.8298952,0.0894874838089383,0.9097899955818282,0.24895741,0.03188553,n0,4,391.44302205011337,1.464207355086162,0.16399184,0.03930793,25.22,255.2177867884544,0.011236529804937934,0.05461112626744873,0.0008184422316191986,0.0519653980812077,0.33907379620788436,0.06689130956922247,0.5350638966624847,0.27817431083629535,0.26490069202105754,0.11803994492631321,0.6891832063278353,0.08757437719289207,0.62161030482375,-0.033377046862946826,0.03369496115388186,0.743913780897409,1.1403613902857253,0.27735016,1633,6.398456865206365,0.74401295,0.08861012668491937,1.1243098157419544,0.28648487,0.033727713,1.096448943109625,0.2610125,-0.05326173959445035,0.02788153681963712,0.2953760524131389,0.2850443037332515,0.21324569034463217,0.24005455767457973,0.5702565408140985,0.18030597288596348,0.5670425836300411,-0.07817560989792663,0.05511325913710087,0.6832902629402939,1.058511641383073,0.28056538,1.071380838420107,0.27342495
CHIR,0.5806501716346162,0.47142795,0.05227726,32.199257,205.37645571691291,0.021937507062944967,0.07839515764493163,0.37103503218090106,-0.013620889366030065,0.057220448638264254,0.19277601988925297,0.23089341621077525,0.2500743872033487,0.29995234267555454,0.13467176430420785,0.4462268893362523,0.27023006951345985,0.35905106856912666,0.4217165158414444,15.798188901300998,0.4388896097050383,19.570282445477005,0.8270767918416735,-0.054552468757009136,0.16109720066191954,0.40236969019128915,0.9387261714385203,0.29129452,1780,8.667010995908178,0.8033931,0.0873159429539302,1.064088104287891,0.23306394,0.02925959,n001,13,553.5230851644835,1.3779052564254046,0.1453677,0.032561142,24.035025,348.1466294475706,0.006937268757708077,0.11127754074864171,0.1583863871204293,0.15145745141828604,0.24169194360187995,0.13383662628013002,0.2716364268738042,0.3149098406974333,0.11885849025875314,0.17335520003085578,0.2582914637664548,0.13588824192023363,0.48114596330320275,0.10827551557035206,0.24592055927233317,0.5266980958310384,1.1780623617551,0.21236618,2105,6.046302971077305,0.684041,0.09027654052616928,1.4952554190077525,0.16267572,0.025102178,1.047546764577767,0.26634747,0.10851511562087257,0.117557495964276,0.2291072663997149,0.31813637633862996,0.13088418523389836,0.3659567056132431,0.2661876776522932,0.3145567449252028,0.45789600505499917,0.10576864946309011,0.24953956163488558,0.48755848458423584,1.0835758209251694,0.2416514,1.3102574716619244,0.18879223
CHIR,1.0070723654446125,0.22569077,0.03607954,29.192787,245.27272957580922,0.0028358014761544286,0.0769480980317941,0.2558899731228092,0.09102065196820586,0.1184738124526874,0.259533497350492,0.17214332642644142,0.21552372618554136,0.23566130885665063,0.04160631703006224,0.2715108059922823,0.19736835129920505,0.17083287467833663,0.4424657574004322,10.181498917088174,0.43504222260476527,15.956048924751437,0.8456146332908427,-0.010816392815333684,0.24257128093481656,0.49396810778082895,1.32931330475941,0.15236394,1873,7.636397259648579,0.75459546,0.08570850503663642,1.83059662157701,0.08095233,0.013632413,n002,26,958.508559685025,1.9419504481556757,0.11599559,0.021942353,30.83686,713.2358301092158,0.0003498096384758062,0.03240010087533761,0.07193774201945913,0.1381097263349712,0.37852555237382446,0.0609189317464084,0.5452606300967383,0.16012366684576546,0.04810363570459657,0.13004738205030447,0.6112517160426495,0.04225223800152908,0.6196917105419045,-0.12760670809113484,0.04360887312149829,0.7072573284675591,1.6511248659056796,0.1511938,3609,5.060037434528293,0.58922756,0.08303524826361701,1.836102149407843,0.15010767,0.017914655,1.602028615363233,0.14406542,0.04379343325504248,0.12052576938908932,0.3430765575437662,0.17875430752126648,0.04148455971936733,0.17589580027776072,0.49638854447149816,0.06680212005525953,0.589504401763402,-0.1282512983959643,0.08551407587241283,0.6677793159653529,1.5741644931406291,0.15149319,1.8964125728899057,0.13241145
CHIR,0.7360159417885405,0.40382576,0.047664523,37.2406,127.46383713383273,0.006742762199563001,0.09232747632920611,0.33216402564404074,-0.015408776402039304,0.06803077203204666,0.22345001820830301,0.1919206945984688,0.258959013420384,0.27588347321707013,0.07579189822326549,0.3082495604555548,0.2709885854030575,0.1697076182788471,0.44832846920445885,21.24397285563879,0.42014283340187947,23.532231138995055,0.8115973568069775,-0.22967798741767195,0.11595546071893315,0.4206058524363884,1.0414821242068384,0.26396766,1133,8.888795641774847,0.84384423,0.08822241669733626,1.2955563364121743,0.16127707,0.020650342,n003,6,383.7376334979589,1.598644402779997,0.12220616,0.028217133,27.998318,256.27379636412616,0.0016414598804564392,0.06774701141097628,-0.02810292519471108,0.05922840065205581,0.2819179043651513,0.04345213372334499,0.4440012530019837,0.25601219899048566,0.1981219763357907,0.06303107439287911,0.6229898899241784,0.0228135091548236,0.5264989356777574,-0.15285539899499048,0.0238333870458968,0.6308008703687304,1.1498141046290606,0.2597955,1795,7.004227609165618,0.7730627,0.08618908284030019,1.144741429676347,0.29547206,0.0302285,1.2473768778826915,0.21575007,-0.07936297931535019,0.04262050925365912,0.25708388774646185,0.26836659204298285,0.11592698454897075,0.1677016056015982,0.5003778821786012,0.06489215386716954,0.5098083361561881,-0.23963298820776058,0.05536961913866017,0.5628793941987862,1.1142984806758895,0.26118132,1.2278298728547306,0.2508973
CHIR,0.9762705207330152,0.25585473,0.040969327,30.336653,398.44053605154284,0.03011140235910878,0.06950269404397845,0.25881368580536973,0.08359909713120728,0.11959006844327946,0.2101536333187709,0.193180544785452,0.2698851632158577,0.26843900946523214,0.24596855274536142,0.3608835592988109,0.3852660152582846,0.32372875911545484,0.3619913605254125,16.564457895313037,0.4570695213065283,24.124391868508297,0.8228374587906071,0.12797414408294466,0.22178811760876221,0.4154235644585098,1.1582962761029525,0.1957379,3067,7.697509973238463,0.69806963,0.08450732140231539,1.1684653634457747,0.18580845,0.027451934,n005,26,1539.4878938169747,1.5018566963989823,0.14129919,0.021765925,31.11678,1141.047357765432,0.005790568302009601,0.05524558111626393,0.07708892685704982,0.14876357700756648,0.29536856236270437,0.11520513747871877,0.30479775478735033,0.2134754801669803,0.11214837958199861,0.22238906982691498,0.3938409035159514,0.14517784659144772,0.3998186360411297,0.014510162385493757,0.17182892700915006,0.5205894642229136,1.5200250439187812,0.1348926,6737,5.90422470561853,0.5602762,0.08206966064998039,1.5419848184873004,0.1509052,0.022428066,1.3345039982674753,0.17094769,0.07869658457897077,0.1448171306242132,0.2737406058961429,0.24014342627415755,0.1607090843315267,0.28306481750079154,0.39307582981204287,0.2113799523273138,0.38995246078182094,0.059159279663991614,0.20890681598639088,0.49475337365607247,1.4109314823239323,0.15064025,1.4335030751844118,0.15993865
CHIR,0.6642441453751853,0.4425673,0.06116752,30.26194,191.48586822153803,0.06895415429367917,0.056098872795588145,0.5208320181805287,0.02429776983213139,0.10657687412884065,0.19421171444154894,0.27691445049663554,0.37968456308351545,0.3798166026357076,0.35872477006103426,0.43009742311752225,0.5261307068026986,0.3501194005666994,0.47252929888809464,21.176924628612003,0.4266443080768594,30.305622239397493,0.8013163996679953,0.032993144111171276,0.27072516946952996,0.45459076879231697,0.8740162042236347,0.3526849,1544,8.063258215028565,0.7900831,0.08934719052628957,0.9186296652479344,0.36957255,0.04129391,n006,11,367.65379534541955,1.449920863347012,0.12665953,0.03193282,27.587362,176.16792712388153,0.012420953823858771,0.06468200382056519,0.11639137737961924,0.180801659969699,0.27352858836703775,0.15855925639039478,0.2829469561872788,0.26842526779191983,0.1558804323887912,0.24675783453601424,0.35960497730440544,0.16690766599527637,0.41498117769112536,0.0742981710767734,0.2710212146588574,0.49805871936020574,1.5032461628087248,0.1493851,1089,6.181601939572097,0.804364,0.09386634936393085,1.7209673575602846,0.12462792,0.027773831,1.0075347486316484,0.2911944,0.14037150432422196,0.18772291837636512,0.25259413862761193,0.39189952159355035,0.331958952637694,0.44311747169317234,0.4818164047579467,0.3924632249190026,0.49335657724672244,0.24539681859716164,0.40182093494916804,0.539489347925806,1.1351566668387978,0.25527015,1.2352129843802326,0.25220293
CHIR,0.7953291246566478,0.36197487,0.052166194,33.679787,85.22345410696173,0.003642429193899782,0.07074652777777778,0.4130948363143459,0.02949686819172115,0.06807427832244006,0.2793521922657952,0.13670062081851578,0.32991532665268264,0.2081824425188556,0.055201402072815584,0.31357241542850756,0.27766725043015733,0.18276914767192032,0.5880086763678439,9.469272678551302,0.4274052385251869,12.81586140549647,0.8250699478394342,-0.11872444044301751,0.09326597029499482,0.581855254063025,1.251067581813446,0.16421764,597,7.005113865134126,0.7211934,0.0862839262527546,1.8720298978673882,0.08710646,0.014357791,n007,9,206.30481578343756,1.6186388065731927,0.05635797,0.015357781,22.99274,121.08136167647585,0.018401380103507763,0.04841144335825187,0.10750910484953036,0.16815818478052524,0.3559217462142994,0.10720749140779341,0.5737672433503535,0.40235342035320226,0.3428332644323346,0.1363586778173862,0.7124755374296654,0.08921585429405303,0.6655264108629155,0.0702700201565367,0.1940247226053253,0.7327234519396606,1.2302350416927623,0.24022698,669,5.525210410062834,0.73482335,0.09149445044264162,1.245010006594588,0.25516558,0.037865743,1.3610039119295994,0.18260676,-0.04232408032399593,0.0367940713241085,0.3387297502531218,0.2098355577897942,0.09987872229818821,0.15405460013557976,0.5715723822618336,0.06048224242865371,0.648590524324566,-0.19653862252451945,-0.004304281917872721,0.7010272330542555,1.2678391146219703,0.20882791,1.4945764023593375,0.18574123
CHIR,0.9778252581137995,0.25473723,0.037627265,32.816647,268.65579875139855,0.0008638935683123839,0.11632596864066347,0.20582325746797853,0.08434570860869939,0.13467290829769774,0.20516932313938918,0.20399606111622867,0.11216052776250675,0.2985116832278571,0.02884706731414416,0.30307355040003353,0.11450655845551136,0.16067285737639186,0.38506806528454396,15.803282279494029,0.5267265225184319,19.07935843239129,0.8506079024638741,-0.052717938511026644,0.2888283825129381,0.2786652736001659,1.2297615721193162,0.18856753,2121,7.894860300268018,0.80115426,0.08399273801234441,1.8901958587615064,0.07268507,0.011727918,n008,17,1305.2742535336404,1.8111021309815325,0.10779483,0.020672603,33.831333,1036.6184547822418,0.0009319481915167527,0.08390542265109875,0.0073485374290543914,0.10522898498807776,0.2793612656584088,0.08985137773920587,0.2968290731040878,0.2264167807574138,0.057108618997510234,0.1405917153230543,0.3981684307998337,0.036196144122511084,0.46260580873462365,-0.16164742292304723,0.08690910781378484,0.5096300286788915,1.4501848277808864,0.15459165,6137,5.920211020445881,0.6422897,0.0809494402546826,1.6437556200100492,0.14757352,0.016012648,1.5633126923659366,0.138039,-0.013611308677098144,0.10885546319345663,0.2568062099928876,0.2597745256577779,0.04605030056124892,0.19781417043114569,0.3326651818784872,0.05477863567387346,0.4523191017449908,-0.16840102450225541,0.14894191922030228,0.45610173105559554,1.3999581870529951,0.16158456,1.7176878973036689,0.13215977
CHIR,0.816121293885928,0.36128163,0.053959202,28.579292,154.02653953726892,0.020120733820537934,0.04069351314699013,0.3261820505258328,0.10265670910871694,0.14121713252467416,0.28360675808031344,0.19128107354990076,0.37129558843369076,0.22831127961275605,0.11259060045888288,0.40838796447310965,0.35514756980886975,0.32916627297326784,0.5293765188776309,11.811596538705771,0.4217533679269415,20.077524189935883,0.8138388591228117,0.07959847475643106,0.25838295648118237,0.6315600864911186,1.3573473525336832,0.18349126,1176,7.635047853001246,0.78953093,0.08789840674027041,1.7615368450329023,0.13270825,0.021698821,n009,14,472.21034783775684,1.4011091323880476,0.17090882,0.037000045,27.443855,318.18380830048795,0.005637058244283161,0.027521973813778768,0.05937032714541013,0.11987353659870892,0.35628350778657136,0.08410968848527114,0.5793512052689762,0.20116374056922615,0.1235570642371053,0.1671887722115634,0.6190346745921952,0.08091332794668103,0.6409986852514118,-0.0837788315501265,0.08100250287196549,0.7580482365670124,1.4980074646563855,0.19250022,1951,6.131675934172276,0.6261011,0.08544626305805693,1.6719774104579959,0.18857193,0.023209099,1.1750366008862394,0.233005,0.04626984419541924,0.11048086847537597,0.3316776024771454,0.20733680280195732,0.11559145517420553,0.25889352227632284,0.5345434527717094,0.15663700122977056,0.6090975669395062,-0.06008325385494866,0.12670332510579316,0.7249506953041917,1.4570129322188756,0.18956167,1.7164181718612461,0.17035021
CHIR,0.9834246049279218,0.26619178,0.043540094,29.179184,308.3664005969899,0.01788704700259662,0.11494515109321492,0.3251235746096657,0.11389615399089303,0.15171649794904607,0.22214277650246494,0.22390609028258635,0.20857893153602858,0.33544588931694924,0.1331098828139537,0.30607244234371117,0.21501614806625552,0.2513620403758416,0.458985038801216,23.649972694715146,0.4149681746452958,32.43850715173417,0.7983430008347308,0.1275395968838541,0.3006521698896269,0.41660711535754635,1.1168886074112012,0.23789313,2398,7.776463309091888,0.6803489,0.0864575080626496,1.4726370877136623,0.12138321,0.021467201,n010,15,948.4590619648959,1.553291979444984,0.12167252,0.024964184,27.665966,640.092661367906,0.007244964557007923,0.07566874852698563,0.15930763791946922,0.1797916024583477,0.2492816222194021,0.11454066564022113,0.1987698823417442,0.2075458110527667,0.12046921619574405,0.19588935923810177,0.2344533831261443,0.14273378587953678,0.35566958769711965,0.09145198609324227,0.2068210902084946,0.3982276522096047,1.6097193908781848,0.13042398,3913,6.113177413465633,0.60982734,0.08193677556265039,1.9602248432281695,0.113113515,0.022858748,1.3385689395679945,0.16865912,0.13886543826163555,0.17793979102432345,0.2411815445602702,0.28492150568055563,0.11337899798221711,0.2703942741942187,0.2072860246965509,0.19003052423262107,0.3918018318485098,0.10160854088823765,0.29675055744952955,0.39008365097061987,1.4212112211551562,0.1653647,1.8027711123222014,0.11580216
CHIR,0.617135227305313,0.49234557,0.061650954,31.377836,126.02487903071953,0.0061521639042357275,0.06122237569060773,0.4026099206642148,0.008857044198894992,0.07624884898710871,0.28123848987108657,0.1588232346013129,0.2596059415664122,0.19168143378660207,0.03891616605066032,0.41444190641748757,0.21320968087157197,0.24181437028185918,0.5990726770753055,18.003554147245648,0.36794315554391954,22.336423711074026,0.7768163072355508,-0.13520117387278513,0.10625422703957615,0.6037062556321924,1.3231062613641476,0.19046894,1009,8.006355631995868,0.81922245,0.08843499456111556,2.156913992329997,0.07021961,0.011339433,n012,7,313.01980543044465,1.5271221621348254,0.1176922,0.0292155,23.239477,186.9949263997251,0.007132772744197592,0.0802058768772496,0.07485338835794964,0.11685103016010923,0.3493778701750031,0.050541757702768926,0.5329273474012173,0.28323435956506826,0.20166299551230324,0.07973599298775648,0.5987956790373496,0.044808928445630634,0.6854728248795523,-0.05035531306581287,0.06611288276423422,0.7566302882748586,1.2923263918371137,0.25977388,1085,5.802296462739831,0.7489291,0.0910301449964468,1.4029641603425114,0.2482075,0.036061857,1.1185948437510294,0.26853135,-0.04375741454734189,0.02409264476903683,0.33005162378586783,0.19979369030855315,0.07413193644704942,0.20041769445357366,0.4634603242917592,0.06885033967808248,0.6729857277279178,-0.2275644133484931,-0.0063649526177555005,0.7102021924957304,1.3226300621996487,0.23187104,1.6925928435924207,0.1765478
CHIR,0.7717507909922383,0.39684048,0.04465342,35.645485,150.68444329778023,0.002762803234501348,0.1178378898729303,0.33119930622856575,-0.11027146707739699,-0.016273584905660388,0.23051116673084326,0.1383310633940903,0.29831033511686805,0.26151271943459337,0.07167165907511196,0.265457863104582,0.29565455960156645,0.12466576766722792,0.5369245137027936,15.026668126784411,0.425627141274971,15.859644908230635,0.8120660393530355,-0.32829326227587796,-0.044515998886921745,0.4866970645692862,0.9603984208963996,0.29214594,1272,8.441481895283971,0.842255,0.09000859344846304,1.3334792635743564,0.17161454,0.022033406,n013,11,454.9660596020617,2.0501995212509914,0.08303142,0.021248346,24.708824,304.2816163042815,0.004462072384729797,0.06613020098394416,0.1368750238358567,0.17556300293657756,0.3564485526867778,0.0499425151458321,0.5252823606153663,0.33362413747053915,0.2513673904419704,0.0676288263815829,0.6279753497615926,0.03692339129924548,0.6291743584071386,0.02311757795815025,0.1454595798355497,0.7052363817058601,1.350918664125718,0.21577424,1517,4.985513152008836,0.75793296,0.09272940457509735,1.4121851593693908,0.2340458,0.036852337,1.437762293173642,0.18696475,-0.0008321430393307128,0.08352516196500537,0.3039187241748712,0.3015719267368826,0.11894144319011704,0.17609832264693173,0.4848373794989925,0.0720422215698332,0.6081603753543261,-0.1365634757400438,0.11370902961702765,0.6244131928936035,1.203635294559367,0.24106851,1.415891427513955,0.21336864
CHIR,0.7200696334630704,0.31248194,0.042736206,33.886673,169.05436811413648,0.006019185886875343,0.14581617243272926,0.28890431333658917,0.05267967462932455,0.07695376853377267,0.17288749313563978,0.16903595167628915,0.15738457614148435,0.2886572171252327,0.0717927351095202,0.22280182028834383,0.16896052313459123,0.167052310590842,0.38033037801458,24.08762815464818,0.5057636666050171,30.61327800962921,0.8122360965546296,-0.07492641313320673,0.17526225666697773,0.29374048426345306,1.0269572586348068,0.2581336,1601,9.470326131520856,0.85401756,0.08521272021337507,1.317089969189556,0.109273046,0.015798027,647,8,585.1569544313105,1.6911487538901193,0.15307081,0.036467362,26.51303,416.1025863171741,0.0013979139359120952,0.0752851604986474,-0.0036987199152188066,0.12103285272052877,0.27832082996346597,0.13672949881996468,0.3588587142612565,0.3231243737878434,0.08015888528389901,0.2007232741657885,0.44430974884414787,0.05078254658083054,0.5321108955719694,-0.157436762718598,0.1741574283290949,0.5425009206217352,1.292496283320308,0.2078451,2587,6.217216823611469,0.7710611,0.08496764635583992,1.4932856098432448,0.19842096,0.025326448,1.3047338402905797,0.19912542,-0.041881507188894385,0.0964291026276648,0.23862047595438773,0.31250768981256166,0.06189962943582345,0.23433861274796175,0.33357408311918135,0.08440297650050915,0.4972150525848844,-0.17753513084851827,0.19030064638055189,0.4645561987561571,1.2078231499966183,0.2223737,1.5328029921556652,0.17266576
CHIR,1.1494857676099133,0.18352333,0.029893862,30.449078,111.79776101122947,0.008595858418102554,0.12465616566327589,0.12850987767949754,-0.00834933568611168,0.11766270500311393,0.1730459829769566,0.15853270805182385,0.2476627302122869,0.3693305870132298,0.14378269821527687,0.17925262751741344,0.3180594778762666,0.10462458905286373,0.40525204223660816,7.955714212949529,0.5232322712601732,12.81652670888302,0.8488146146420814,-0.056005369679409604,0.2879776208675552,0.3767403968027687,1.0137989590008452,0.25906003,915,8.184421510080822,0.9027771,0.09278360516055392,1.1651087532729685,0.20163126,0.027679235,648,15,869.9546138394062,2.0569429284853045,0.10497032,0.02075797,29.710587,758.1568528281767,0.004190072398328563,0.047531492507614834,0.12223723080219795,0.20782376440696126,0.343580196837739,0.1259315077055567,0.44694123530241425,0.36701910211451133,0.15023934922058688,0.167291392290065,0.5752331037150237,0.06529708170174897,0.5773183287699022,-0.007181604635230502,0.24173333827967322,0.652567163770725,1.4933351762942175,0.16874309,3686,4.861790784122718,0.7141731,0.08373602504440542,1.5529680770312395,0.18499547,0.020539386,1.884897356075001,0.115065135,0.09820737791294831,0.1964881214401003,0.31852598476663063,0.3727450686800576,0.14809521428578976,0.17236850506780615,0.526661032200206,0.0720531938011478,0.5532176705503545,-0.00981570975651898,0.2585114101098387,0.6178175556116823,1.4149140383523209,0.18034974,1.5024797926469233,0.18713331
CHIR,0.7682944427808728,0.3838748,0.056099728,32.785,172.6169498694248,0.015415966386554621,0.08552941176470588,0.3598993491567322,0.10194537815126048,0.11065546218487399,0.24468487394957983,0.21110150003164602,0.28988717380771045,0.2770990761321659,0.07698477481113457,0.3519129288318094,0.2422158289753341,0.2761039295699267,0.6191435786978086,17.26169498694248,0.2961386732179369,29.34413001077855,0.7044442983975324,0.005510871085957646,0.22075854069574094,0.537720673155521,1.1488033910272504,0.2440356,1389,8.046718477240487,0.7976628,0.08783627555570087,1.9912512730719998,0.12260588,0.019306093,649,10,479.6256238691224,1.6984641439656265,0.11836436,0.031184787,26.698557,307.00867399969763,0.005688690656183853,0.06167315542788025,0.10473285833081347,0.1790638229513154,0.3059277668581796,0.13005147456132854,0.36644735364785624,0.2669327230385876,0.08766483532552681,0.1916130903273443,0.3975335597096731,0.08106407670778491,0.5736067606770114,-0.033056169802119416,0.2186875918933772,0.6240111822598116,1.5762572862104174,0.16784422,1721,5.605704808200743,0.756394,0.0851782987566678,2.038798394803143,0.12706377,0.021513266,1.2666033151741638,0.21392134,0.07426780140814404,0.14775531683240184,0.2768185502407394,0.28131639038721573,0.08199768750213489,0.2992942777373424,0.3256586157745337,0.1747182714011363,0.591422460376788,-0.0179131882691893,0.25263643611342573,0.5855507744484911,1.3971459636476955,0.19526543,2.0229521268968695,0.12545939
CHIR,0.6755149277580055,0.48971638,0.057167903,32.192654,122.79882779954643,0.005492817992817992,0.10184157059157059,0.38184245660869304,-0.10589326214326217,0.035856879606879555,0.1798454923454923,0.24284167767437678,0.21244389109137934,0.3402834951281551,0.04833424320689737,0.45867889287936087,0.2022212184200998,0.2430763455686916,0.5316669519196741,24.559765559909287,0.40919390567771147,30.566416766430287,0.7835534981405301,-0.30054532368937187,0.12664044560541343,0.3810746164723987,0.8730215662626474,0.3404881,987,8.037536006535413,0.88560486,0.09422608295044549,1.413646410865743,0.1529082,0.02129656,650,5,321.595531544966,2.043493485595624,0.072711766,0.020268958,25.652233,198.79670374541956,0.0019956511587181135,0.06710787461327418,0.04911417897379022,0.11829067188138465,0.29847571653727156,0.05150822769514681,0.4880108879449,0.3836799671393747,0.27715290688622846,0.0613816526526879,0.673292668915159,0.01884910794556791,0.5807355011017503,-0.05669377142048668,0.1335186706869248,0.6506171908874746,1.1373549340261253,0.27042374,1272,6.398496433966492,0.84552175,0.092164419099795,1.1217027164200524,0.33074844,0.040315263,1.3391838058141374,0.2319418,-0.09187700718074548,0.07562109840147224,0.22940948291415586,0.37261302759001846,0.0889036658799728,0.27233418637034046,0.46131936920741096,0.08000293294499417,0.5632723662517244,-0.26785322555212754,0.16249773906214093,0.5151432931268398,1.028250293763884,0.29717723,1.2640753770604454,0.2628415
CHIR,0.6864617764253392,0.40063012,0.046155535,37.33472,171.5377312920899,0.007120146123663916,0.08413526586388852,0.3321126064390828,0.09410093356785276,0.086464957380598,0.23389933703152488,0.19346274054794213,0.21237417877162285,0.2534065897288604,0.0889108998374528,0.3512977269744093,0.2376809968017298,0.2684211462854215,0.37268819557499994,15.594339208371808,0.3863365039392894,18.868309763323023,0.8068244173434383,-0.0026489998058515938,0.1889154227536437,0.38810958021072983,1.2023002311491562,0.19707327,1425,8.307210252027394,0.84019494,0.08729529392018992,1.1956219294810553,0.12580083,0.01748474,651,11,516.5047275118136,1.54204881821427,0.13764258,0.03283016,30.014032,344.96699621972374,0.0020499041275608035,0.05579733911931914,-0.0019763178255458036,0.0621867325999933,0.3137635819288862,0.06187935094185091,0.4602659172491968,0.23849871514345708,0.16945739547241878,0.09710374779606483,0.6201956763246408,0.04383981551474218,0.5424858561278667,-0.12486308321232997,0.03364083548519033,0.6567346499684914,1.284775769076295,0.22591674,2170,6.2904568372598995,0.72891635,0.08532162972476458,1.2709270686939926,0.25549743,0.028976128,1.1805768054105572,0.22498403,-0.053275741984767144,0.03913113078253838,0.28516844907771466,0.23064880256751383,0.0956006735304533,0.20403290863994344,0.4763102298352347,0.10465838682391124,0.5074335036656892,-0.17587517883430004,0.05206981627416506,0.5971372606411033,1.2667163280388734,0.21633737,1.3453137328812987,0.2124236
CHIR,0.8216453862178701,0.33751598,0.046870034,35.358643,149.5820157187822,0.00833010085337471,0.09036074476338246,0.2510712894428873,0.0957040341349884,0.12810802948021727,0.21024534522885963,0.21468312245820123,0.21133983774704226,0.28099442798234386,0.07652726304868876,0.31251236270489857,0.2253165307412393,0.20572966598107817,0.3874969913429031,21.368859388397457,0.4606508513633823,21.317070807062578,0.8263007274335068,-0.04038193897542485,0.25980159113074197,0.382045377086815,1.1675538145629512,0.2240847,1292,8.637401988405662,0.8595447,0.08639707147067469,1.348205019351937,0.147959,0.019867545,652,7,595.7750726921861,1.6860282547133678,0.12967,0.028085748,32.288353,446.1930569734039,0.001555591677503251,0.04995448634590377,-0.07650520156046814,0.06852568270481141,0.24436768530559172,0.08278061032652013,0.3611495672249087,0.24443696265039602,0.14379209819341002,0.12440428669240422,0.6192137316447175,0.037991788807335475,0.42444354734992723,-0.21559464201017756,0.04933898131641948,0.5284136020457794,1.2323734471617172,0.21751095,3133,7.0216242745929724,0.74392635,0.0828671267278053,1.1160344079774738,0.28987494,0.026682964,1.3827225411149633,0.1818542,-0.09706977989871446,0.06168922867160109,0.23158234320218152,0.26350839770447915,0.10976423462841409,0.19482632833699895,0.5152653260165346,0.07298459062457514,0.4158689937761685,-0.22960861802135146,0.10678390237939478,0.4839482325702013,1.2158689876201032,0.21916151,1.1940428406325787,0.254244
CHIR,0.9439000701739106,0.30201265,0.04361117,32.585484,173.20877941183423,0.0007453436955647863,0.11438932064853276,0.28945429158743174,0.05992898298271476,0.1059644244941712,0.16465395953369955,0.18000385763073376,0.10953620990869217,0.26087978624738134,0.028323801528608212,0.29638673736907906,0.11698436859922638,0.21150520982278226,0.30132658049723243,14.434064950986185,0.4335079649305424,20.659173688954002,0.8166059829770135,-0.04947814782170306,0.19597059722670412,0.2774582793276718,1.070827614951455,0.20910443,1402,8.094277927250385,0.8395902,0.090030902084415,1.12862721216392,0.07921373,0.011353264,653,12,598.3976898801182,2.1165839646810927,0.10557544,0.024382465,29.523037,425.18891046828395,5.799672489082969e-05,0.0763731577510917,0.0031284115720523475,0.09091157205240175,0.27059566048034933,0.04942180769958483,0.3929067553027584,0.19891499738540516,0.07380302189976251,0.0829372941673091,0.5068016395513145,0.023186405541485988,0.4766483076048856,-0.19668456226745165,-0.004143975569608656,0.5864660822585693,1.2061591705528159,0.2283649,2795,6.573548677271605,0.6817071,0.08446356142790296,1.2308166185515375,0.2425121,0.028857483,1.5927974655611958,0.16243504,-0.044662422914323374,0.0776371543264942,0.23504343947562345,0.21594954725610105,0.03801873549609697,0.15250650689795703,0.3827741139417345,0.049065904393749735,0.45989873032836365,-0.23603349462172654,0.0393038394796613,0.5232252840829983,1.1747425632186974,0.2227899,1.3657413513117937,0.19524458
CHIR,0.8384165391837575,0.35523596,0.04751467,32.2551,161.27935255699265,0.0016504173262339905,0.12836379335156137,0.32704254518065656,0.007411138293279662,0.09533296157720539,0.15602514750323793,0.2300120791031513,0.14759650697788276,0.34724127122469484,0.046703448668083854,0.34824186650498007,0.15362965078170435,0.20060433187905338,0.4288976339251116,13.439946046416054,0.47767104510222697,19.74753944510392,0.8286749360259348,-0.13373965446952452,0.23653962644200752,0.2942743460477146,0.9496404490348797,0.29855317,1400,8.680590402943254,0.8397198,0.08888591334793623,1.3913259067903576,0.11926746,0.016586632,654,12,493.14486733788743,2.094017337293603,0.1041052,0.027103132,25.693628,331.8655147808948,0.00026662703685572417,0.06274477236170362,-0.0048189558710399205,0.12997412406461994,0.2548320686761312,0.08967369311702161,0.3761109698562023,0.31911413638421626,0.12343660616828235,0.11577487475508585,0.5722892550932486,0.021711200114707268,0.4777176725761079,-0.1681657015017177,0.13708418363322533,0.5761627825358366,1.252280219639489,0.21788393,2096,6.315811395417796,0.7872567,0.08678112495990317,1.2233203032553548,0.25803542,0.030379368,1.4692526672251542,0.1862356,-0.06762401167168675,0.12052457878388556,0.1946697924510542,0.3524418272575863,0.07119907350361977,0.23027224153530715,0.40022262578205386,0.06152099935291536,0.4598678234660483,-0.2272312567458509,0.21587418062449223,0.44856439048084423,1.1420502369804306,0.24426629,1.3325440322683626,0.21265246
CHIR,0.7323515822949934,0.37566325,0.0450928,33.429207,241.76817032467872,0.023324253623884034,0.06048706441393875,0.3370106761565367,-0.029297062494000214,0.06120704137467603,0.24928902275127196,0.1995927485518849,0.3259591508239517,0.26228917648040345,0.12872746012669348,0.3894350719164066,0.37157925708292844,0.2409445115741002,0.4855855020119698,17.20118580403507,0.4641705651089154,19.26941088328064,0.8147206779470938,-0.16630648970475112,0.15826585833735987,0.4911221944648961,1.1730442388504188,0.21748282,1922,7.949764426880866,0.77318865,0.08676468379691356,1.4845623588862051,0.15401556,0.024834825,655,16,717.3902414069136,1.5526134716734779,0.13529523,0.03238064,25.308537,475.6220710822349,0.01805952032401308,0.06216146977016542,0.10578459717952471,0.17444981213097155,0.29816736202605765,0.14000438885231506,0.3713511007176839,0.29871729759593946,0.22564995276531927,0.20683996102863406,0.5079903257398799,0.127506745551272,0.4944803518703032,0.040820512809307964,0.21400318490697925,0.5747404443962327,1.4246031951015454,0.18055548,2717,5.7125187521620715,0.72226787,0.08637698486038502,1.5237954927383155,0.18854322,0.03398115,1.2026677736876004,0.21630184,0.019416248786800372,0.11276791491426719,0.27722824328696216,0.281702722100529,0.1653492512547712,0.3201394165855354,0.45422927693017356,0.1868995365291097,0.4948942288432439,-0.05344931567638133,0.20024354924006807,0.5416981179450897,1.3321541618972814,0.19300044,1.523180112396794,0.17690703
CHIR,0.7991962579004663,0.37465096,0.049891364,30.26301,174.2415799858429,0.032342657342657344,0.08092740592740592,0.35260549984728556,0.04358558108558108,0.1313436563436563,0.2037420912420912,0.26728653508056455,0.2925284058303681,0.36438298869985086,0.18033049853464875,0.42089625439341427,0.3330265779705649,0.3108628518924745,0.47242903100822947,10.89009874911518,0.34542301470578624,18.44552415167974,0.7672651194246309,0.04844740761042327,0.3270944733261852,0.445263552069333,1.0316854125057493,0.27091402,1392,7.988908273859208,0.8224284,0.08999518765869036,1.166650727798335,0.1777931,0.027361657,656,16,494.15445891023296,1.4577396376859786,0.16230914,0.03448039,25.771473,319.9128789243901,0.004547845327916425,0.049704367382472435,0.06155234329657577,0.1549373367672664,0.3250303794254208,0.12929297126592001,0.42531800870743164,0.28308901339347825,0.11762595501105878,0.22439350281912887,0.4983449032016324,0.09395096310627236,0.5758893263827308,-0.043905790241029,0.20578497004822122,0.6525719632717882,1.4665483779202368,0.188003,1793,5.604650885040507,0.7507138,0.08784384867802279,1.6411631699170386,0.18400373,0.02529748,1.178619438230891,0.23718207,0.04255219218937134,0.1430676561068971,0.27870276871051824,0.33960383777144726,0.12541220481764853,0.3440271924707143,0.3967967099226298,0.193928072302918,0.5480879948314202,-0.016689451566226983,0.28582021286349973,0.579183029486532,1.2883239045308363,0.21723792,1.498385132518441,0.18181379
CHIR,0.7472832437023949,0.46856758,0.06415878,27.694622,109.17514382329736,0.039361447704081634,0.07647746598639456,0.4250858485449276,-0.05630181760204084,0.03343563988095233,0.22649606717687076,0.2343416607396868,0.36416008675319333,0.3365856061844574,0.15558950585382086,0.4486208304641309,0.38244032833243385,0.3250758199392698,0.5872674534060685,13.594672724170161,0.41910233599127444,22.603635208861007,0.7849276379640014,-0.1629115902341673,0.10309305887721605,0.516540305883994,0.9302399732651185,0.33843523,815,7.465069167377062,0.8840924,0.09710751322653131,1.2914724117022551,0.24795067,0.032361805,657,9,256.83081240404096,1.5472814060135716,0.096117035,0.024923515,23.22865,147.6556685807436,0.0120736403646652,0.10755756837472492,0.14989881326626842,0.1672380933668658,0.3020178403017919,0.08434298346299354,0.44824279424079466,0.38521135057733574,0.2826871921329441,0.10476045460818845,0.520986029118643,0.07592678522543092,0.6440352617047417,0.08771169162902598,0.18267926958339484,0.6320724627274807,1.2249303556919446,0.26778457,879,5.953039314022238,0.84048104,0.09592016164034724,1.3986579050374202,0.24708207,0.037084833,1.234953595985781,0.25444046,0.039769903307428134,0.089454748780047,0.2652889481294054,0.3646568010410886,0.1835848972655152,0.26538533369853373,0.45410606492343625,0.17516003901776028,0.62574227910035,-0.048388580789255446,0.16076237221616047,0.5828825769755686,1.089130515559955,0.2978172,1.3539522880471566,0.2474513
CHIR,0.6568504914371904,0.4985414,0.062660016,30.767473,105.20640453890454,0.013870505184204721,0.06720163247297595,0.4462931968098924,-0.16608757996911538,-0.026527685859254357,0.21271784690050743,0.190763947732239,0.3760941841602281,0.31990297249445293,0.14953877868163581,0.37938622619785,0.42417413647045055,0.17008622784588248,0.5680820155477038,9.564218594445867,0.42355759190196357,15.324765465529868,0.8133057163938999,-0.38603017241301046,-0.013473408463541735,0.47684545917952537,0.8975213748574066,0.36658075,896,8.5165917790472,0.8850847,0.09407032293683724,1.2172164423310536,0.29467258,0.039451245,658,11,235.73382989226857,1.5233676261377056,0.1334867,0.03442511,25.509491,130.52742535336404,0.012168830014224752,0.06391691856330015,0.15412184388335703,0.2127711593172119,0.2987586682076814,0.14938773950751685,0.3858809761470409,0.37507143960511935,0.2585552270271843,0.19512772366103703,0.522599271938796,0.11039525214504659,0.5236843049237164,0.11998774381786523,0.31250450738447494,0.588298547304339,1.4142767561331866,0.2132661,838,6.420106714973679,0.84840804,0.09390197334033576,1.4501436182623717,0.21895388,0.032207713,1.0863519842139282,0.2964081,-0.007110244166584623,0.11124409274392044,0.24871394112434775,0.35120161733641037,0.176368863318427,0.32827546008706077,0.45859392272219074,0.1576494833819087,0.5547868628604917,-0.08360166566666272,0.22861018213262935,0.5406637834423581,1.1475496846939017,0.2816894,1.3397131787818615,0.2527466
CHIR,0.6930849349488182,0.44462407,0.04934623,34.536247,144.62689386370695,0.00721134558292546,0.07377336917275135,0.2574149041638669,-0.02487362593276099,0.05401989890074621,0.21162641418599049,0.19773437350252038,0.18852922182757467,0.2421056948943437,0.0443680265448381,0.470341206785572,0.17696564432316395,0.2777660988221643,0.4757938494154973,13.147899442155177,0.3882235863605981,16.066869318200233,0.8149402586984887,-0.17649180892950878,0.12663121226741136,0.4003004000351987,1.1712562638387285,0.21926703,1179,8.152010794826634,0.8581234,0.08860354724932272,1.861447397304502,0.10793723,0.018189218,659,11,561.8435122607106,1.8214916711287032,0.11146116,0.027580533,28.814163,417.21661839700363,0.017098712207604373,0.03883716240647512,0.2351072928545601,0.2698975050760716,0.3893538091397102,0.15576576192708103,0.49018993602849,0.32526507325604065,0.23836255504644357,0.2322750977579519,0.5642126379521248,0.16939009983592723,0.6325059775156787,0.1721566827401213,0.30216735589391014,0.7182289335348799,1.7680597861438818,0.14850882,1706,4.089002989752058,0.7159284,0.08893626598931838,1.9564042996085247,0.14387123,0.022871539,1.400313130081096,0.19722229,0.11587724099471253,0.18946603395571715,0.33512423578982153,0.28474900363751104,0.12459283341514692,0.3282966767600665,0.43163302437419726,0.18466479814101536,0.6073847911240712,0.030280618524526792,0.2623144240136672,0.6385012745183322,1.5770440473986886,0.16672303,1.9578749021627755,0.13462129
CHIR,0.7793982726641464,0.38753456,0.052016802,34.33145,154.13098004475293,0.011001731666917633,0.10107664508357175,0.33813645621173843,0.03675557145008279,0.07948727601264871,0.24919533955729556,0.21301106375918932,0.22400527970266898,0.2836238905751784,0.049814335324591265,0.3790663142666158,0.19960033575779215,0.28136730764177204,0.502466616482959,17.12566444941699,0.441974487505822,21.438195626807634,0.8432028358314334,-0.0841141998008416,0.15693553326222448,0.5040070598185425,1.0761288211465658,0.2405875,1343,8.713368328736896,0.81190276,0.08756332848084707,1.3868771004097302,0.10128644,0.013547577,660,9,455.824792663597,2.046391226340676,0.10205082,0.025927074,29.378923,301.69381261884405,0.00021155473497961382,0.08767020540041541,-0.06977459804600356,0.010145011154704231,0.27788676052004,0.03323382591569531,0.48313226514180246,0.2264374209344,0.11192093012307436,0.05651232005611885,0.6199230030039747,0.014593821451373919,0.5882547077012537,-0.2525646353705098,-0.07557398490412189,0.6493918863095076,1.0259104854813452,0.29482582,2172,7.199352154905994,0.76097184,0.08571468894239107,1.0560936174068687,0.31680232,0.029915322,1.4059694909049247,0.19858325,-0.11064950356415476,-0.00534941446028514,0.26453825101832995,0.25436886498775685,0.05938849322624662,0.17453450880196314,0.4855381981596488,0.06210326433605746,0.5810913711333099,-0.31621920703002787,-0.030610156593475445,0.5982356304251158,1.0474714472066804,0.2764858,1.2377376272532112,0.24392863
CHIR,0.8373199945887467,0.35098884,0.04688953,34.170086,203.02074204810665,0.001278936839096885,0.07210988853958274,0.3191644622821718,-0.008766790511574751,0.07859388396684763,0.251021720491569,0.15379677950492548,0.23192505150256656,0.20739570524183754,0.03133063436087693,0.3207872943843409,0.22686146014078742,0.13065567664230077,0.4658608284927191,10.685302213058245,0.45679023964624266,15.591003151497947,0.830730768517897,-0.22413102452984182,0.12366213675241214,0.46007853254575676,1.3136445481844676,0.17604865,1600,7.8809681407828025,0.77288246,0.08582622704667325,1.916138468305937,0.09284022,0.014105147,661,19,636.10071308185,1.6675263743254818,0.10564914,0.027041793,27.722431,433.0799710337434,0.0031065782422293677,0.04803557073954984,0.0330653804930332,0.11204448017148982,0.3483319935691318,0.06721278306091309,0.5068902865129278,0.2357689269530155,0.14484254989827472,0.10595485859195619,0.6217823761229673,0.03625641160242325,0.6002849427548967,-0.10865062925582007,0.06210425073816542,0.711273221016486,1.4100476546490583,0.19800211,2499,5.770296866960661,0.68098843,0.08443242052870945,1.4871805873085588,0.206859,0.023016235,1.3511616274428875,0.18395291,-0.028036349539359684,0.06826256499133454,0.3167723250934963,0.20909123347575895,0.07260722123414917,0.16775294183615103,0.5007583474798811,0.045952381440359416,0.5760495014138779,-0.20002127118963292,0.05452570766962397,0.6535584522048489,1.387664440698067,0.19099537,1.631602672170881,0.17046826
CHIR,0.7623700298707877,0.38707268,0.056037437,31.158382,195.37337600010997,0.0037939534331195056,0.09543537657400808,0.337408312958377,-0.013419903777619369,0.04855295200760279,0.241097944880019,0.1881258616249298,0.21889435255550557,0.2653850248761068,0.04606604450222163,0.3827865169566596,0.20264638054753042,0.22376333902639117,0.5291464478617253,13.024891733340667,0.3876250832465637,19.907439784537278,0.8051167201157672,-0.14749291582214086,0.11568272767502383,0.4366413798910508,1.1725770631447592,0.23099282,1551,7.938645642271817,0.8186741,0.08806189814845593,1.6937947998038825,0.11151427,0.016918562,662,15,579.0413824930795,1.9066941946628326,0.10060804,0.02593614,24.470846,383.66800649296954,0.0020359476135744965,0.05485716230113121,0.1478944861169923,0.20406168713326478,0.3608977073377291,0.0786728150443115,0.467522705919198,0.3016532880072553,0.17321275767948424,0.11119593543725226,0.5672683792033926,0.03158249864350907,0.5986329660574129,-0.007484874552632521,0.18524712433801632,0.659666953491185,1.5384432175684704,0.17168623,1939,5.053848554440323,0.74573344,0.08768535604732401,1.6703493872959718,0.18364787,0.02590363,1.3612878178837955,0.19726363,0.03233220770371559,0.12614608801955995,0.30836907290873383,0.28750096274907494,0.08562090777376252,0.27426777173642597,0.4126225358267362,0.10055397329104851,0.5839232029349583,-0.10412292282636094,0.18261845431753865,0.5703299932552298,1.3974677542718936,0.19169678,1.7253474921012502,0.1593094
CHIR,0.8641101766738325,0.3637013,0.047907755,30.947466,157.55430779006255,0.0022694630625322235,0.08770346910215807,0.35464827730316184,-0.07855196287839727,0.029627310893422742,0.24141931207188627,0.15662405578152222,0.2812961790162546,0.2572184447519263,0.06009096379612222,0.3159536852772626,0.29350486022258315,0.15039899593762485,0.47668092152726094,10.471901550397911,0.44194966603028185,15.60289584649975,0.8089448337878016,-0.25009094524949455,0.07318700736806315,0.44993721631941863,1.0971498450154884,0.21423885,1259,7.990895442076958,0.8244044,0.09097477671829644,1.4340268069135624,0.17009868,0.025837328,663,16,444.2551053345337,1.7672811877262034,0.10768571,0.027444158,25.317106,286.7007975444712,0.002904152837367441,0.07733698291912895,0.05258338055533074,0.10737270298712864,0.33504513073747266,0.03818776519281382,0.5436824550534725,0.3394460125224965,0.24367001626654167,0.05613302203911207,0.6506411405431864,0.021676071370458346,0.6455318967194708,-0.07143791970301068,0.07927581867554263,0.6835791048613522,1.1296978376592652,0.28080046,1733,6.0446291563963435,0.73039114,0.08909185376241188,1.2183875546627572,0.2679739,0.031858843,1.3650207837101658,0.19848119,-0.04170584854896431,0.030996134054279922,0.3097033931510069,0.25416540659635944,0.12436836799734653,0.14786479557741758,0.5451372773540906,0.06393677163196118,0.5907929727096605,-0.1872970737848704,0.013954450145361954,0.634647128428672,1.1372218454450636,0.25719458,1.3009396320854645,0.23326263
CHIR,0.6107412541840636,0.38748622,0.044864926,35.350708,248.17385478369872,0.00839918638361545,0.06371282614794725,0.296012291167764,0.04444788646778264,0.08038261011876924,0.247358084728327,0.17672888497310651,0.27300406830608137,0.21649498965385683,0.07356067663061915,0.3666541450507982,0.2487135604406406,0.26528357602673247,0.43364453469765385,19.09029652182298,0.4282849952773044,25.06819548982211,0.8201317910440123,-0.05333414981821885,0.15975168854086286,0.4929183474375586,1.2170638661356121,0.17235619,2036,8.203926242648322,0.7390644,0.08499624371770508,1.4554789969612931,0.116210125,0.016039953,664,13,838.3903715775685,1.2875798625468824,0.17976613,0.032044243,31.628057,590.2165167938698,0.0039003362104559486,0.0652476848665972,-0.07466673875857732,-0.016192416586382485,0.34802083128526773,0.059871143317135805,0.49631423571213895,0.1909035817612158,0.1236357751443658,0.1318288284854411,0.5811941804931577,0.06527803403355739,0.5803675894751784,-0.2233573386301506,-0.08799236577885448,0.636038153798262,1.20344961598915,0.22574529,3919,6.639936173402662,0.63321507,0.08330640263213783,1.3002558935437802,0.22191535,0.023003569,1.0427485145709263,0.24125382,-0.08718009052278985,-0.014855288108848785,0.3262834442952649,0.18885815023715774,0.09728641258818324,0.22491481649299766,0.5031237580474999,0.1262241215429271,0.5501883918041816,-0.23702389057583284,-0.059898843499310454,0.6144230382879755,1.2197790983755974,0.20994146,1.382076377670101,0.19062532
CHIR,0.930481302072011,0.20437673,0.028207157,35.100975,320.098550937695,0.005732489849187935,0.14459469257540603,0.22050970485720986,0.0959591611078886,0.08175029002320189,0.12270926986658937,0.16177122055509535,0.1437670086955272,0.2854847900285358,0.08556083005833207,0.21799485297516352,0.17170115407516254,0.17862024583422312,0.31596514798781394,16.80514949370092,0.44847315047164377,19.935812186041705,0.8079683046654956,-0.0008222187895862781,0.14765079887296598,0.20213574239725035,1.0007977888317172,0.21276185,2795,8.731685888022513,0.7541063,0.08477228497237532,1.1858269640258032,0.12758908,0.016053066,665,21,1451.6302180212494,1.877179034792283,0.11078578,0.017291958,33.63871,1131.5316670835543,7.178898141690938e-05,0.103359467941092,0.004673334495631121,0.05556467161668788,0.2613279166837593,0.05764381717948243,0.2908059328267698,0.18804797287619884,0.049138093177798846,0.10313351394214997,0.40460529820425456,0.056449745962556884,0.4318834426509919,-0.13835160962820997,-0.000469503100527275,0.4493716433603595,1.3252421731878616,0.16925588,6859,6.061695133710219,0.6188993,0.08150366915849154,1.4529223226160264,0.17142087,0.017326778,1.5813628621474691,0.13142349,0.004008549707415376,0.05820266284014963,0.22944213059188434,0.2250349813111808,0.0533934968764789,0.13784754681403483,0.33627683920464585,0.08031657760959414,0.4089315163661998,-0.13069594420131272,0.04326127515234247,0.4007634508338179,1.2445068998956001,0.17884935,1.4330226066498035,0.16175553
CHIR,0.6566508708793491,0.48011303,0.059759986,32.841305,125.95525202573019,0.00263727658006265,0.10427031509121061,0.3932466214990983,-0.0008407038879675865,0.05653445734291507,0.22739312695780356,0.19255541989179237,0.1002678354029703,0.25074719245154675,0.017243305819942642,0.4455458493509008,0.08363845571417813,0.3163822489847813,0.44734771403814777,20.992542004288367,0.3759571709942939,28.232501037282905,0.7885409726666817,-0.09172224250384903,0.16143568157252136,0.3653022528241915,1.1638612303743323,0.23460504,1006,7.986963495525341,0.881796,0.0898672003184622,1.6656261043628497,0.09080039,0.013475472,666,6,320.2958274518315,1.714121942650467,0.114437245,0.031528655,24.18417,194.3405754261013,0.007490147489102526,0.05642801695826118,0.1202752731832567,0.1724711888696483,0.3745148384785335,0.09076680488232192,0.5326133094373431,0.33947293236477966,0.21766170343212188,0.12784894894764842,0.6345805801166197,0.06627874284878042,0.6738696163383971,0.023181070610593442,0.17660625989070994,0.725393679093718,1.4164660646088347,0.22661711,1022,5.258809169205601,0.81535864,0.09303182042104123,1.5115043211956545,0.23519512,0.028863389,1.1893917488342005,0.258238,-0.010579326835984226,0.08868338103691897,0.3078828665628057,0.2711372354016135,0.07049542036660887,0.29663093777202704,0.41201862119907967,0.12438256883790971,0.6269081245358603,-0.14422784527470064,0.13867722301758792,0.6124121663400721,1.3190893951946987,0.22975828,1.6875652601813156,0.17841241
