metric,col,ctrl_mean,chir_mean,delta,cohens_d,p_value,test,sig
GC (whole) Pearson S9-AcTub,gc_pearson_s9_tub,0.3415770184632401,0.39261497434041176,0.05103795587717164,0.6155969650514893,0.01883015302095759,Welch t,*
C-domain Pearson S9-AcTub,c_domain_pearson_s9_tub,0.302296982066935,0.3280387772465967,0.025741795179661686,0.29381706075682207,0.25968383149917024,Welch t,ns
T-zone Pearson S9-AcTub,t_zone_pearson_s9_tub,0.3457441185545292,0.38556772313785326,0.03982360458332407,0.45989458972889036,0.0778201165264458,Welch t,ns
P-domain Pearson S9-AcTub,p_domain_pearson_s9_tub,0.40328453266495023,0.4690223298018771,0.06573779713692685,0.6623851428295344,0.012502831975730093,Welch t,*
Shaft Pearson S9-AcTub,shaft_pearson_s9_tub,0.5642197202761681,0.6145764897216275,0.050356769445459415,0.5641874630861126,0.03183742830171827,Welch t,*
GC Manders S9→AcTub,gc_manders_s9_on_tub,0.666368823225813,0.6861867876172706,0.019817964391457554,0.40416894388328356,0.25091206899425167,MWU,ns
C-domain Manders S9→AcTub,c_domain_manders_s9_on_tub,0.632623719786757,0.6507202737584108,0.018096553971653773,0.3545704818962154,0.182131997641674,Welch t,ns
P-domain Manders S9→AcTub,p_domain_manders_s9_on_tub,0.7076695559900803,0.7208015598190625,0.013132003828982164,0.2231100908007633,0.39290544419791196,Welch t,ns
GC Manders AcTub→S9,gc_manders_tub_on_s9,0.6705305045065243,0.7252702874773141,0.05473978297078985,0.9128461967212872,0.0007458128084128846,Welch t,***
C-domain Manders AcTub→S9,c_domain_manders_tub_on_s9,0.611431760897278,0.640309182766549,0.028877421869271003,0.542546943057446,0.01821282865276875,MWU,*
P-domain Manders AcTub→S9,p_domain_manders_tub_on_s9,0.7240452703506373,0.7708367582534409,0.04679148790280363,0.6815651584043853,0.01031374895856269,Welch t,*
GC ICQ S9-AcTub,gc_icq_s9_tub,0.1769409604522726,0.1992926013152766,0.022351640863004008,0.5434989008005165,0.04059164525972413,Welch t,*
P-domain ICQ S9-AcTub,p_domain_icq_s9_tub,0.20416870204433762,0.2293485491349634,0.025179847090625762,0.5196581313918213,0.04960849834953894,Welch t,*
P-domain Pioneer MT fraction,p_domain_pioneer_mt_frac,0.486703433719036,0.49204847473598046,0.005345041016944441,0.1430365550852178,0.9711986891210904,MWU,ns
P-domain Pioneer Pearson S9-AcTub,p_domain_pioneer_pearson,0.33291204454932716,0.42702688439976094,0.09411483985043378,0.9291706325184745,0.0016829779929073425,MWU,**
P-domain S9 enrichment on pioneers,p_domain_s9_enrichment_pioneer,1.6872490644454956,1.6530718803405762,-0.034177184104919434,-0.11695522480012917,0.6580246565426926,Welch t,ns
C-domain area fraction,c_domain_frac,0.34185656437234757,0.341764616455224,-9.194791712358041e-05,-0.05165395104636463,0.6183092034221939,MWU,ns
P-domain area fraction,p_domain_frac,0.3357366307325517,0.3367698164410428,0.0010331857084910911,0.15950004616936736,0.5393581661407114,MWU,ns
P-domain S9 mean intensity,p_domain_s9_mean,0.2322999624342754,0.25737104611471295,0.02507108368043756,0.4387588028908431,0.2630322565866038,MWU,ns
P-domain AcTub mean intensity,p_domain_tub_mean,0.19461369129090472,0.18520789896138012,-0.009405792329524598,-0.12524092962900152,0.18158767780385332,MWU,ns
