id,condition,gc_area_px,c_domain_area_px,t_zone_area_px,p_domain_area_px,c_domain_frac,p_domain_frac,t_zone_frac,gc_pearson_s9_tub,gc_manders_s9_on_tub,gc_manders_tub_on_s9,gc_icq_s9_tub,gc_s9_mean,gc_tub_mean,gc_act_mean,gc_tub_tubeness,c_domain_pearson_s9_tub,c_domain_manders_s9_on_tub,c_domain_manders_tub_on_s9,c_domain_icq_s9_tub,c_domain_s9_mean,c_domain_tub_mean,c_domain_act_mean,c_domain_tub_tubeness,t_zone_pearson_s9_tub,t_zone_manders_s9_on_tub,t_zone_manders_tub_on_s9,t_zone_icq_s9_tub,t_zone_s9_mean,t_zone_tub_mean,t_zone_act_mean,t_zone_tub_tubeness,p_domain_pearson_s9_tub,p_domain_manders_s9_on_tub,p_domain_manders_tub_on_s9,p_domain_icq_s9_tub,p_domain_s9_mean,p_domain_tub_mean,p_domain_act_mean,p_domain_tub_tubeness,shaft_pearson_s9_tub,shaft_manders_s9_on_tub,shaft_manders_tub_on_s9,shaft_icq_s9_tub,shaft_s9_mean,shaft_tub_mean,shaft_act_mean,shaft_tub_tubeness,p_domain_pioneer_mt_frac,p_domain_pioneer_s9_mean,p_domain_pioneer_pearson,p_domain_s9_enrichment_pioneer
667,Control,113364,38604,37334,37426,0.3405313856250662,0.3301400797431283,0.3293285346318055,0.2892398979515443,0.6551577372329497,0.6477413540087368,0.1870876115874528,0.23986220359802246,0.1306278258562088,0.5642662048339844,0.008569908328354359,0.3430777422243484,0.6697218645487584,0.5792177257077841,0.148896487410631,0.21044088900089264,0.09475274384021759,0.6610764861106873,0.0061842151917517185,0.2726418223605434,0.6226819936381384,0.5859635041433355,0.15444367064873843,0.25437048077583313,0.11599130928516388,0.6028891205787659,0.007632647641003132,0.3608164126437376,0.6741087769320725,0.7074417108566629,0.20272003420082296,0.25573694705963135,0.18223263323307037,0.42588093876838684,0.011965646408498287,0.4960040955757566,0.7886501956016663,0.8431673484106736,0.24974157571399436,0.23145195841789246,0.24142129719257355,0.13377819955348969,0.014020971022546291,0.4923849730134131,0.3063627779483795,0.3507877106601866,1.4826636
668,Control,244846,83459,80350,81037,0.34086323648334055,0.3309713044117527,0.32816545910490674,0.3489148976983261,0.6732493395900258,0.6388764266145391,0.17846728147488622,0.1764412671327591,0.1242082417011261,0.15477760136127472,0.009350337088108063,0.3265482938797133,0.636880313305247,0.6004864422450478,0.14441222636264517,0.16582168638706207,0.10862267762422562,0.2015637755393982,0.007871262729167938,0.35763791646384485,0.6784126262457881,0.6329564485417085,0.17687616677037954,0.18102969229221344,0.1225443109869957,0.1635018140077591,0.009485404007136822,0.3672159138637684,0.6971706842699182,0.6809105458393457,0.1986438293618964,0.1828286498785019,0.14190945029258728,0.09794279932975769,0.010739697143435478,0.5025381027991394,0.7924987090947172,0.7822047433032001,0.23720546715542457,0.18267349898815155,0.25723275542259216,0.09652794897556305,0.015500698238611221,0.510285425176154,0.21631288528442383,0.3271449565548502,1.4621872
669,Control,121872,41508,39318,41046,0.34058684521465143,0.33679598267034266,0.3226171721150059,0.436030002463693,0.728118669494788,0.7275103872638183,0.2155129972430091,0.3167361617088318,0.2278532236814499,0.5841420888900757,0.01431148499250412,0.4922855718279362,0.7323558986796301,0.6868061458071151,0.24450708297195722,0.28478169441223145,0.12137586623430252,0.7108824253082275,0.00822222325950861,0.42042174879114097,0.7066052434199833,0.7004795674839567,0.19444020550384045,0.34902307391166687,0.24613434076309204,0.6317954063415527,0.014965920709073544,0.5051096495388456,0.7276733490153519,0.7333525557411286,0.21707352726209617,0.3181227147579193,0.3180175721645355,0.41032788157463074,0.019842401146888733,0.6587429205378665,0.8843668811918737,0.8886094476649317,0.30025864227754706,0.20897239446640015,0.25934433937072754,0.12340504676103592,0.01904294826090336,0.5409053257321055,0.3870837986469269,0.43444789391229494,1.634142
670,Control,147219,50102,48385,48732,0.3403229202752362,0.3310170562223626,0.3286600235024012,0.3190720582606824,0.6905939619366506,0.639811261731291,0.18563840265183162,0.2743452489376068,0.17333437502384186,0.4846690595149994,0.010990587994456291,0.3804223266649371,0.65747697167361,0.5859998667457507,0.17600095804558702,0.3058048188686371,0.15177921950817108,0.7267637848854065,0.007254356984049082,0.40568025296375754,0.7084069616937451,0.6737936503473984,0.22268264958148187,0.2717527449131012,0.16877047717571259,0.4717423617839813,0.009820296429097652,0.315931036232703,0.6799644474161856,0.6741787868512413,0.17315111220553225,0.2445753961801529,0.2000269591808319,0.2486027330160141,0.015993814915418625,0.4782835598218367,0.833321879808307,0.8521977780711568,0.2571211900853919,0.21501433849334717,0.2491961568593979,0.09533750265836716,0.01531364768743515,0.5216900599195601,0.284816712141037,0.24282880527690026,1.4192265
671,Control,99769,34003,32744,33022,0.34081728793513016,0.3309845743667873,0.3281981376980826,0.37101098667101423,0.7137907694699323,0.6989975747527322,0.2143200793833756,0.27141785621643066,0.11469124257564545,0.48090660572052,0.007921461015939713,0.40957031891264906,0.6985489846091704,0.6642045311946486,0.21840719936476194,0.2592088282108307,0.09039586037397385,0.590070366859436,0.005849333014339209,0.3333621385385664,0.6856590785404426,0.6642925628024524,0.19001954556559986,0.29508763551712036,0.1215272918343544,0.5509914755821228,0.00846644677221775,0.4148604105562335,0.7525382356883138,0.7598204653041654,0.22460783719944277,0.26051896810531616,0.13292987644672394,0.29900500178337097,0.009514748118817806,0.6482300055699036,0.9496857743706659,0.9639518448049267,0.33858745595628303,0.2009398192167282,0.241718128323555,0.09485886991024017,0.01250304002314806,0.4763793834413421,0.34114542603492737,0.3258143939119461,1.8226825
672,Control,91424,31141,29387,30896,0.3406217185859293,0.3379418970948547,0.32143638431921595,0.43281117538346364,0.722330105869263,0.728194673185675,0.2023866818340917,0.27977320551872253,0.18870770931243896,0.40295058488845825,0.015075946226716042,0.38447957637530944,0.7032104550665714,0.7126790062108035,0.20004174560868304,0.30483362078666687,0.15759287774562836,0.5407013893127441,0.01216268539428711,0.40406450405034167,0.6862014450316348,0.6925744447378985,0.17448191377139555,0.2980618178844452,0.22179704904556274,0.43783125281333923,0.020321957767009735,0.5302786400172961,0.7815412931497755,0.7914348358816331,0.24087260486794404,0.23711873590946198,0.18859611451625824,0.2309303879737854,0.013022523373365402,0.6646997072917051,0.9487670679639373,0.9518138870684816,0.33985601245297703,0.16799569129943848,0.16849064826965332,0.140116348862648,0.01085334736853838,0.4391183324702227,0.3425373435020447,0.4184017815298618,2.2158403
673,Control,145833,49933,47673,48227,0.34239849691085006,0.3307001844575645,0.32690131863158545,0.39312637838909814,0.6965073072294915,0.7039716562070991,0.1810529852639663,0.27196523547172546,0.21556828916072845,0.24057716131210327,0.015638431534171104,0.25118791255637035,0.6075278682685551,0.5797133860705432,0.12111229046922878,0.32073530554771423,0.20231197774410248,0.3891081213951111,0.013691037893295288,0.38434439466242465,0.6733527194719487,0.6877387451457403,0.16444318587040885,0.2797532379627228,0.218384250998497,0.2331818789243698,0.018868373706936836,0.551024594190028,0.8238924170398815,0.8499095733353424,0.28414581043813636,0.21377140283584595,0.2265099287033081,0.09410234540700912,0.014461873099207878,0.6568288453689491,0.9358834886697665,0.9544497296897567,0.36285737428618603,0.14186272025108337,0.1577533334493637,0.1005159467458725,0.009325309656560421,0.40255458560557367,0.34306344389915466,0.3649493327759587,2.7086384
674,Control,263067,89613,86577,86877,0.34064705949434937,0.3302466671988505,0.32910627330680015,0.43226600095935225,0.7397194567401797,0.7561274281298306,0.22781458715840452,0.1769559383392334,0.15264029800891876,0.25833821296691895,0.012221173383295536,0.4045703236467076,0.7027158721368337,0.7113820739246438,0.20256547599120667,0.1897408813238144,0.13227923214435577,0.3509998917579651,0.009508329443633556,0.4320124729859002,0.7337601827505599,0.7546649610024377,0.22595493029326497,0.18768243491649628,0.17640337347984314,0.26368260383605957,0.015063971281051636,0.4766902129134002,0.7711475667909694,0.7953888317721607,0.25490636186792826,0.15307894349098206,0.14996150135993958,0.15743239223957062,0.012186472304165363,0.6189224374715743,0.8924115589500616,0.9148822953658419,0.3203587334512843,0.1364785134792328,0.1575007140636444,0.12194456160068512,0.01011858880519867,0.4641619761271683,0.20754383504390717,0.4427550060839096,1.9598185
675,Control,115484,39550,36806,39128,0.34247168438917946,0.3388174985279346,0.31871081708288596,0.48627586546717483,0.7206164383258421,0.7590936638031079,0.22309584011637973,0.2999599575996399,0.18769946694374084,0.5770410299301147,0.010501515120267868,0.35028604749226594,0.681725242839577,0.6355190722807817,0.18333754740834385,0.2549179494380951,0.08722250908613205,0.6902467012405396,0.005797159392386675,0.510655930200778,0.7264215487125503,0.7758279909178337,0.24208009563658095,0.316450297832489,0.19648563861846924,0.5963581800460815,0.011327573098242283,0.5499798185867012,0.7452777638867732,0.76356791499044,0.23461459824166842,0.3299759328365326,0.28099524974823,0.44444361329078674,0.014479571022093296,0.6415744321695604,0.8572476568619971,0.869332502629515,0.2896815446339017,0.25257399678230286,0.25364476442337036,0.1851266473531723,0.015008191578090191,0.5291351461868739,0.37970274686813354,0.435612314677391,1.3852944
676,Control,185533,63697,59172,62664,0.3433189782949664,0.33775123562924114,0.3189297860757924,0.2749963442828209,0.639362621923554,0.6223623524650927,0.15198104919340494,0.21689321100711823,0.17317506670951843,0.28650152683258057,0.012482866644859314,0.20301078127352687,0.6043826443975935,0.5549596081293787,0.10153539413159174,0.22974258661270142,0.15612831711769104,0.3417167365550995,0.011168585158884525,0.29605658421762837,0.6405218456640319,0.6221738970299101,0.16043060907185835,0.22427190840244293,0.17117060720920563,0.3066680133342743,0.01224618311971426,0.3524129691605265,0.6696938963903704,0.680770302517956,0.18924741478360785,0.1968645304441452,0.1923956423997879,0.21133342385292053,0.014042307622730732,0.49889612163232383,0.864677263990046,0.8823379958032346,0.2830395543175488,0.15867064893245697,0.1899566501379013,0.14476093649864197,0.012757470831274986,0.48566960296182815,0.23193791508674622,0.3316574671138321,1.4164525
677,Control,255467,86961,83873,84633,0.3404001299580768,0.33128740698407233,0.3283124630578509,0.38638247732756187,0.7357426913949912,0.7709170842169608,0.24053791683465964,0.1846262812614441,0.12965381145477295,0.4395532011985779,0.008185034617781639,0.379832733295345,0.7426578117663283,0.7464074571352443,0.2333517323857821,0.20756077766418457,0.13592639565467834,0.5426579713821411,0.0077438210137188435,0.37145671951058656,0.7207124539325526,0.7464987296197518,0.23257186460481916,0.17726196348667145,0.11307179927825928,0.45883312821388245,0.007522354833781719,0.41939932687638376,0.743821781007095,0.8153056866298136,0.25363038058440557,0.16835911571979523,0.13964180648326874,0.3145054876804352,0.009295112453401089,0.4504652022416605,0.8471775360993701,0.87519079548726,0.2570371673130416,0.1639152616262436,0.16413967311382294,0.11237312853336334,0.012242947705090046,0.4877884513133175,0.21099302172660828,0.42743481037499503,1.6515044
678,Control,151700,51609,49922,50169,0.34020435069215554,0.33071193144363875,0.32908371786420565,0.25222865713278236,0.6737828504456892,0.6364737272066813,0.18324324324324326,0.22337999939918518,0.09393381327390671,0.4692893624305725,0.007318207062780857,0.4032551138448252,0.693385766717628,0.603886899235918,0.17379720591369718,0.23302875459194183,0.07483278959989548,0.6104616522789001,0.004596235230565071,0.2736423513053667,0.6487068935417851,0.6018552666369074,0.15902808381074474,0.21329301595687866,0.08234137296676636,0.4719899892807007,0.006233095191419125,0.2754085663498849,0.668592329203967,0.6773764482021323,0.18360940022723193,0.22349165380001068,0.12511847913265228,0.3213777542114258,0.011198073625564575,0.5334081660783786,0.8214294818580563,0.8746732180989731,0.2657171727234561,0.20131570100784302,0.20039375126361847,0.12774114310741425,0.01195618323981762,0.5084414678387051,0.26811137795448303,0.23293094873774592,1.5118545
679,Control,339486,117522,109345,112619,0.34617627825595165,0.3317338564771449,0.3220898652669035,0.29981541014656676,0.5900412156738009,0.6168706582807981,0.12184302150898707,0.2620124816894531,0.15708544850349426,0.15180468559265137,0.009899741970002651,0.22895597616737665,0.5787327142296811,0.5768173362406489,0.1060737564030565,0.2654028534889221,0.11813484877347946,0.24201509356498718,0.006696076598018408,0.2860805793253008,0.5682322763399253,0.6052319822656081,0.11273949426128305,0.2724638283252716,0.1680292785167694,0.13754510879516602,0.010926309041678905,0.3865856065370359,0.6216802089715509,0.6622129674767565,0.14580576989673144,0.24832691252231598,0.18710611760616302,0.0715119019150734,0.012246157974004745,0.5173556575283783,0.8789039839861184,0.8743322128489489,0.2739849016217697,0.1306890845298767,0.14779280126094818,0.07797852903604507,0.012632033787667751,0.5109350997611416,0.2842191159725189,0.3777580409831766,1.3480984
680,Control,434598,149511,135330,149757,0.344021371474328,0.3445874118150567,0.3113912167106153,0.3526809616371752,0.6450505749543192,0.6508476680109528,0.1763767895848577,0.17103661596775055,0.15159419178962708,0.14786279201507568,0.011945703066885471,0.3211450379880502,0.587682275262908,0.6243662483098303,0.1682652112553591,0.19521372020244598,0.13770408928394318,0.24752941727638245,0.008641764521598816,0.34770253417781527,0.6517124570066304,0.655631625270896,0.1873051060370945,0.17817844450473785,0.16548973321914673,0.13747388124465942,0.013856074772775173,0.401558531166414,0.7105809794266343,0.7014917490963518,0.2025915316145489,0.14044535160064697,0.15290454030036926,0.05774799734354019,0.01351788081228733,0.47016714721019937,0.8751486292851822,0.8650499102315691,0.2752578926220366,0.10686139762401581,0.11221849918365479,0.06908643990755081,0.009843702428042889,0.5078293502140133,0.18078197538852692,0.35423109135810044,1.8293072
681,Control,162332,55301,53447,53584,0.34066604243156,0.3300889535026982,0.3292450040657418,0.3707639605474678,0.7007667058333641,0.7362058334355117,0.1923403888327625,0.24190203845500946,0.11356537789106369,0.33930090069770813,0.010242116637527943,0.27513660218772534,0.6484153144836107,0.6042355949132631,0.15738413410245744,0.2142697125673294,0.04701295122504234,0.48914554715156555,0.0036339552607387304,0.3634694108617955,0.7155449524063581,0.7414819485271719,0.2151009411192396,0.24763503670692444,0.11032786220312119,0.3259715735912323,0.010418337769806385,0.43993428093165443,0.723109125326644,0.7564070811126193,0.19852941176470584,0.2647014260292053,0.18547958135604858,0.19795015454292297,0.016886254772543907,0.664447649112548,0.914944359199473,0.9296178671912323,0.31607634096722237,0.17538632452487946,0.19353899359703064,0.07036206871271133,0.011996773071587086,0.563489101224246,0.33650627732276917,0.3544016404621737,1.9563295
682,Control,127977,43571,42171,42235,0.3404596138368613,0.3300202380115177,0.329520148151621,0.2634749276402971,0.6515919931744444,0.6265532300650081,0.17484782421841427,0.22894534468650818,0.10464490950107574,0.4485461413860321,0.009885041043162346,0.3155874560614092,0.627313155572674,0.5775565920042798,0.12495696678983725,0.2149740606546402,0.08909351378679276,0.566972017288208,0.007623364217579365,0.3305580872879503,0.6394608475412573,0.5968608869821779,0.1508975362215741,0.2202935665845871,0.08768456429243088,0.4489639699459076,0.007533279247581959,0.273385637157297,0.676412325000895,0.6680137645620211,0.19440037883272165,0.2519972622394562,0.1376229077577591,0.3259570598602295,0.014566457830369473,0.6033160129700746,0.8427872289969668,0.8565580467694642,0.27921523568949735,0.2542046904563904,0.28943267464637756,0.11060798913240433,0.016737915575504303,0.5206108677637031,0.29699641466140747,0.2144991532622835,1.4621094
683,Control,157352,53704,50412,53236,0.3412984900096599,0.3383242666124358,0.3203772433779043,0.3070240310033796,0.689298178619865,0.6947057053819241,0.17900630433677356,0.2440648078918457,0.1545497179031372,0.33023449778556824,0.018146630376577377,0.31392638630883213,0.6771773139039166,0.6692454867471462,0.16911217041561155,0.27786877751350403,0.16714008152484894,0.43154242634773254,0.018250655382871628,0.28711533386922167,0.652558972877403,0.6592463091097592,0.15198762199476312,0.28288719058036804,0.16998323798179626,0.37398040294647217,0.019972655922174454,0.2909044898280293,0.732391683430801,0.762051691725386,0.20794199413930425,0.1732008159160614,0.12723380327224731,0.18661053478717804,0.016312524676322937,0.4410873346171485,0.9416358089398433,0.9105691551887806,0.3453742370463867,0.09583904594182968,0.09722161293029785,0.11446255445480347,0.010217078030109406,0.45048463445788567,0.2398504614830017,0.21183846363209471,2.022989
684,Control,182305,62051,58830,61424,0.3403691615698966,0.3369298702723458,0.3227009681577576,0.3086925495508321,0.6764329941893703,0.6619610481640034,0.1755108197800389,0.22731661796569824,0.11447668075561523,0.45549216866493225,0.00924584362655878,0.28551269257367645,0.6625813100124567,0.6231191797882117,0.15649224025398467,0.23205378651618958,0.10205962508916855,0.5834265351295471,0.008599084801971912,0.3082369937115191,0.6802160540476732,0.6569243017486529,0.17506374298827132,0.23788286745548248,0.12100137770175934,0.474385142326355,0.009967617690563202,0.35325464530135137,0.6725011761446729,0.6968160514027488,0.18911174785100282,0.2124110758304596,0.1207713708281517,0.30815696716308594,0.009207909926772118,0.5673092753262753,0.8128176224339023,0.8492965381045954,0.265525514894956,0.21318939328193665,0.19951139390468597,0.14396452903747559,0.010216843336820602,0.4648997134670487,0.2450987845659256,0.36621775142532775,1.3319741
685,Control,192870,65627,61727,65516,0.3402654637838959,0.33968994659615287,0.32004458961995125,0.15047846793817551,0.5467519204261797,0.5458460356569635,0.060133768859853776,0.3636535406112671,0.19977052509784698,0.3389090895652771,0.011873585171997547,0.17225895628231616,0.5593699841158368,0.5532382965083202,0.0835250735215689,0.3668222725391388,0.19854310154914856,0.49852433800697327,0.011859888210892677,0.11958362147325453,0.5385097666439395,0.5300524957063015,0.047086364151829874,0.397876501083374,0.21738071739673615,0.3376554846763611,0.012653844431042671,0.1441283126451306,0.539208971756066,0.5584783474336925,0.04380609316808104,0.3282357156276703,0.1844082921743393,0.18020451068878174,0.011152168735861778,0.38645366099744677,0.8509766641833966,0.8386290623408945,0.20717348381292866,0.19041214883327484,0.15132546424865723,0.0984986275434494,0.01010393351316452,0.4376793455033885,0.3404087424278259,0.08800745113865985,1.0679125
686,Control,226493,77383,71466,77644,0.3416573580640461,0.3428097115584146,0.31553293037753927,0.19602997398921812,0.5881991265762405,0.5794204376617332,0.10094572459192996,0.2474750131368637,0.1963694989681244,0.2968822717666626,0.0179862380027771,0.13573799064132325,0.5599131405319245,0.5530983560748766,0.07594045203726918,0.24179936945438385,0.1396569311618805,0.3917301595211029,0.013284850865602493,0.19462269778259175,0.5824105463800017,0.5709729124683729,0.1010410544874486,0.26535171270370483,0.21551305055618286,0.3095499277114868,0.01894327811896801,0.25377857474660354,0.6288502610097941,0.6032822439004928,0.11009221575395389,0.2366773784160614,0.23527103662490845,0.19069351255893707,0.02179092727601528,0.5021802345764972,0.924648587358926,0.9340426772564728,0.3102111855046332,0.1236470639705658,0.12395147234201431,0.13310764729976654,0.010705634951591492,0.5174128071711916,0.2744040787220001,0.14614502258151188,1.3983936
687,Control,136687,46551,44039,46097,0.34056640353508383,0.33724494648357195,0.3221886499813442,0.3813383608959817,0.7003712590950313,0.6717776886953575,0.192231155852422,0.2768259644508362,0.24167212843894958,0.4044073522090912,0.019184375181794167,0.23895974995887379,0.6457556004903774,0.5851345683029328,0.17006079353826986,0.27347221970558167,0.16070233285427094,0.568321704864502,0.010939273051917553,0.3593758608351684,0.6833545275821287,0.6549380266677682,0.17810349917118917,0.2911197245121002,0.2728002667427063,0.4332059621810913,0.02395913004875183,0.5075370993382654,0.7759803987890439,0.7393084151723756,0.23447295919474154,0.26655709743499756,0.2937009036540985,0.21136558055877686,0.0229490976780653,0.6403600416677351,0.9411171248178639,0.937600566424028,0.32970318315574487,0.18371550738811493,0.19675828516483307,0.12550179660320282,0.013325963169336319,0.5189057856259627,0.3510409891605377,0.36093130038036403,2.0009959
n015,Control,197225,67704,61990,67531,0.34328305235137535,0.3424058816073013,0.31431106604132336,0.40390291001528744,0.6406403058116076,0.7406906848854667,0.20673596146533146,0.16418306529521942,0.14694757759571075,0.23831510543823242,0.015894822776317596,0.28029987097903136,0.5522850018255585,0.6579213711776444,0.14588502894954503,0.15866997838020325,0.11162880808115005,0.2831900715827942,0.012928635813295841,0.49637195726167305,0.7076710765363599,0.7785641835936177,0.24316825294402322,0.17933957278728485,0.1805906444787979,0.2519906461238861,0.01828841120004654,0.39630569226595846,0.6600266305898344,0.7598329590080851,0.2241266973686159,0.1557973325252533,0.15147414803504944,0.18077172338962555,0.01667141169309616,0.434818367080532,0.7545843933653211,0.7946646563156532,0.23914350129610518,0.1438169777393341,0.14482516050338745,0.14992281794548035,0.016820136457681656,0.4838074365846796,0.1998627930879593,0.4016403311611114,1.7455803
n016,Control,310128,106445,99770,103913,0.34322924727854304,0.3350648764381159,0.3217058762833411,0.29281870469225557,0.5559021398798744,0.6380307710947434,0.13921671051952744,0.24306418001651764,0.12753604352474213,0.22984659671783447,0.011198574677109718,0.283013841785966,0.531202820322401,0.612838278670622,0.13129315608999959,0.24787525832653046,0.10102927684783936,0.34918513894081116,0.00856125820428133,0.27945561504424554,0.5687813923182755,0.6260624324974475,0.13910995289165085,0.2554865777492523,0.1397954672574997,0.22772327065467834,0.01264797430485487,0.3388629799049996,0.640703096780492,0.6757059227663198,0.15710738791104095,0.22620883584022522,0.14291806519031525,0.1096387580037117,0.012508542276918888,0.6107523577272996,0.8780892023051731,0.9146351206513849,0.30534660438714545,0.11779338121414185,0.12610502541065216,0.09510628879070282,0.011603336781263351,0.47994957320065823,0.26746198534965515,0.3056080971728654,1.4216367
n017,Control,131502,44947,42642,43913,0.3417970829340999,0.3339340846527049,0.32426883241319526,0.2637673550262081,0.5743621172340473,0.5821559604520008,0.111754954297273,0.29937031865119934,0.28076958656311035,0.5068749189376831,0.02215001918375492,0.17701685023819339,0.5490011624845048,0.540966898908577,0.07870380670567556,0.34291255474090576,0.23487335443496704,0.6384786367416382,0.018612608313560486,0.2582919463622006,0.5744160933463481,0.5779508025608109,0.11059518784297173,0.295257568359375,0.2930474579334259,0.5197967290878296,0.023716488853096962,0.4154290696105761,0.6285302622075829,0.6394712877065616,0.15579668890761278,0.25879672169685364,0.3158239722251892,0.35962456464767456,0.024249596521258354,0.5370035370478847,0.7551300886747897,0.7464699788251767,0.21586833549098516,0.21685434877872467,0.28928112983703613,0.08634939044713974,0.020053917542099953,0.48548265889372166,0.28388914465904236,0.3038002908371524,1.2074211
n018,Control,128717,44427,41779,42511,0.3451525439530132,0.3302671752759931,0.3245802807709937,0.2926506018458112,0.6005470577216763,0.6006926726777637,0.1013502489958591,0.32555103302001953,0.3325427174568176,0.2669415771961212,0.02753962017595768,0.16606955491615902,0.5431714097909848,0.5435427155752524,0.058061539154117936,0.36220917105674744,0.3545718491077423,0.35634517669677734,0.02597666159272194,0.27593164958415284,0.594239128848667,0.5895285099466601,0.09568204121687929,0.33531156182289124,0.34354332089424133,0.2896496057510376,0.03011929988861084,0.400406875618695,0.6939224334622126,0.6870851365458125,0.1605584436969255,0.27764812111854553,0.29870960116386414,0.15119139850139618,0.026637757197022438,0.5944412875426581,0.9666522913228214,0.9677655912399885,0.3684907483626212,0.13548295199871063,0.14428339898586273,0.12253584712743759,0.011816906742751598,0.4486133000870363,0.3787643611431122,0.17653750692353132,1.9386129
n019,Control,136306,47441,40816,48049,0.3480477748595073,0.35250832685281647,0.29944389828767626,0.3831548925988698,0.6699398084669012,0.6686800120219907,0.15711707481695592,0.3031825125217438,0.25601333379745483,0.40835702419281006,0.017727702856063843,0.13022743853764487,0.5505881139032165,0.5367632251253226,0.06177146350203411,0.36018669605255127,0.24875375628471375,0.5549330115318298,0.015114018693566322,0.39345484248201523,0.6474298110347376,0.6696320840320488,0.16902685221481772,0.319673091173172,0.2721886932849884,0.44941675662994385,0.021581143140792847,0.5491478040914801,0.7969153396557556,0.8159234586151337,0.2652812753647318,0.23289138078689575,0.24944064021110535,0.22875675559043884,0.017034947872161865,0.6846447136558067,0.957444115712515,0.9651082422353837,0.3718892990828909,0.14053785800933838,0.16227741539478302,0.12728647887706757,0.009856105782091618,0.42365085641740724,0.34223321080207825,0.419475273848743,2.2438774
n020,Control,356735,122164,112071,122500,0.34245027821772467,0.3433921538396849,0.3141575679425904,0.3795893264737274,0.6560140825016515,0.6491777117071962,0.17505851682621554,0.2905947268009186,0.23443090915679932,0.17955602705478668,0.017835227772593498,0.3322248666411553,0.6147251173292408,0.6093719860438859,0.14922563111882392,0.34920865297317505,0.2289920449256897,0.30176499485969543,0.015766600146889687,0.38856318994406525,0.6608524581955201,0.6583152516268246,0.1868413773411498,0.28234773874282837,0.24119842052459717,0.1613437533378601,0.01897151954472065,0.44874310712760374,0.7042260157687741,0.700272344278321,0.20674285714285712,0.23968635499477386,0.23366352915763855,0.07434402406215668,0.018858637660741806,0.49292434583123823,0.8928514560102172,0.8954680082215045,0.28342530874655825,0.1231161430478096,0.12027521431446075,0.08703000098466873,0.011280032806098461,0.4978938775510204,0.2924984097480774,0.36808879155151236,1.5615125
n021,Control,163796,55799,52917,55080,0.3406615546167184,0.336271948032919,0.32306649735036264,0.4015884297921323,0.7324594879901535,0.758667521976302,0.26575130039805617,0.20256595313549042,0.1074834018945694,0.4369491934776306,0.007128165103495121,0.4291008025032283,0.6742271566358345,0.6078739677675468,0.1848689044606534,0.17529213428497314,0.07080492377281189,0.6062269806861877,0.0038306256756186485,0.42162479333184016,0.7319727246876246,0.7469686140664283,0.26493376419676096,0.214058980345726,0.10006193816661835,0.4543830156326294,0.0059486329555511475,0.4306314602819564,0.7763438525237223,0.8361250463927486,0.29767610748002904,0.21915407478809357,0.151770681142807,0.2487124502658844,0.011601961217820644,0.6664151283563369,0.8424832314844698,0.8655604783007376,0.3075836747563503,0.22868095338344574,0.19191311299800873,0.1083536371588707,0.011020084843039513,0.4962236746550472,0.2840624153614044,0.3955383830742748,1.8300767
n022,Control,117247,39929,38190,39128,0.3405545557668853,0.33372282446459184,0.32572261976852285,0.4356079296530624,0.717354955746698,0.6930234009359243,0.20992861224594228,0.25669294595718384,0.18401487171649933,0.517030656337738,0.011389452964067459,0.35291166417622066,0.6533565889113289,0.5941687491750449,0.15165669062586096,0.2850131690502167,0.1558268815279007,0.6891604661941528,0.009589849971234798,0.45416348869565654,0.700451998132127,0.6816799500605351,0.20960984550929562,0.26516905426979065,0.20001572370529175,0.5383642315864563,0.01299259066581726,0.5455297298009995,0.805611822077179,0.805376715051034,0.26962788795747294,0.21952006220817566,0.19716264307498932,0.32055509090423584,0.011661190539598465,0.7001015402021569,0.9099869397674553,0.9073493113177595,0.3332431133483419,0.25550514459609985,0.3019905686378479,0.10704851150512695,0.015035177581012249,0.44801676548763036,0.2968113124370575,0.47496528052773435,1.8930899
n0,CHIR,195711,66684,63711,65316,0.3407268881156399,0.3337369897450833,0.3255361221392768,0.35253735883491144,0.6573635272416425,0.6609403550624974,0.17454563105803966,0.30520305037498474,0.21879474818706512,0.5389007925987244,0.015080461278557777,0.30533085515832326,0.6595286473451824,0.6228209751106768,0.16552696298962266,0.27378636598587036,0.1661907583475113,0.5927176475524902,0.012621061876416206,0.3404460827568379,0.6509856898311887,0.6498074407079171,0.1662742697493369,0.3312893509864807,0.24547646939754486,0.588910698890686,0.017264077439904213,0.388712003870409,0.6521070149528878,0.681352237914294,0.1773991058852349,0.311832457780838,0.2464745193719864,0.43517574667930603,0.015461420640349388,0.5335514907141479,0.7959746039686216,0.8217382808547623,0.2486802445524806,0.21507547795772552,0.17400243878364563,0.1682710349559784,0.010197306051850319,0.46546022414109867,0.354755699634552,0.36835256115474785,1.2925767
n001,CHIR,195711,66684,63711,65316,0.3407268881156399,0.3337369897450833,0.3255361221392768,0.35253735883491144,0.6573635272416425,0.6609403550624974,0.17454563105803966,0.30520305037498474,0.21879474818706512,0.5389007925987244,0.015080461278557777,0.30533085515832326,0.6595286473451824,0.6228209751106768,0.16552696298962266,0.27378636598587036,0.1661907583475113,0.5927176475524902,0.012621061876416206,0.3404460827568379,0.6509856898311887,0.6498074407079171,0.1662742697493369,0.3312893509864807,0.24547646939754486,0.588910698890686,0.017264077439904213,0.388712003870409,0.6521070149528878,0.681352237914294,0.1773991058852349,0.311832457780838,0.2464745193719864,0.43517574667930603,0.015461420640349388,0.5335514907141479,0.7959746039686216,0.8217382808547623,0.2486802445524806,0.21507547795772552,0.17400243878364563,0.1682710349559784,0.010197306051850319,0.46546022414109867,0.354755699634552,0.36835256115474785,1.2925767
n002,CHIR,223545,76236,71269,76040,0.3410320069784607,0.340155226017133,0.31881276700440625,0.49800328675094746,0.7499355832680246,0.7796902815845664,0.2502695206781632,0.17818620800971985,0.09152515232563019,0.2776496410369873,0.006676057353615761,0.4118069532753822,0.7140639379671696,0.6741402723488281,0.21659058712419332,0.15947501361370087,0.05804924666881561,0.31567078828811646,0.0042101251892745495,0.4659437012916304,0.7317986920785152,0.7488607893230107,0.2323240118424561,0.20051716268062592,0.09528632462024689,0.3379139304161072,0.007222834043204784,0.598289902359186,0.7893630180829386,0.8524028479170424,0.28540241977906367,0.17601576447486877,0.12156215310096741,0.1830473691225052,0.008635874837636948,0.7068036574867356,0.9465085653334876,0.9694410763983412,0.37765646262539054,0.14196936786174774,0.13952286541461945,0.11296407133340836,0.007726697716861963,0.47019989479221463,0.24275876581668854,0.5787025769901928,2.0787516
n003,CHIR,133270,45526,43516,44228,0.3416072634501388,0.3318676371276356,0.3265250994222256,0.4152719912621841,0.7088969226717357,0.7297275296056074,0.21971936669918213,0.26388972997665405,0.13736730813980103,0.4459855556488037,0.009154056198894978,0.2806994024799781,0.6302614234495809,0.6010052306358883,0.15503228924131263,0.2954259216785431,0.10513798147439957,0.5836416482925415,0.0077851442620158195,0.45485265772459366,0.7116515738373794,0.7152067636173316,0.2245840610350216,0.2391226440668106,0.11225289106369019,0.4463544189929962,0.007550384383648634,0.5507221965741432,0.7710751618413855,0.8109787003654035,0.28746495432757524,0.2557964324951172,0.19525261223316193,0.30392664670944214,0.012140996754169464,0.6193446263929953,0.829573493401373,0.8419760279780336,0.279703260541436,0.25726398825645447,0.2855638563632965,0.1366172581911087,0.01499601174145937,0.498123360766935,0.3268796503543854,0.5099911324305656,1.764582
n005,CHIR,348511,119911,105235,123365,0.3440666148270786,0.35397734935195735,0.30195603582096403,0.34519831954877467,0.6439780953818618,0.6690408724857136,0.16735052839078246,0.2324320524930954,0.21444177627563477,0.34549230337142944,0.015842167660593987,0.2909629938611241,0.6177846538837884,0.6129503354002979,0.14259325666536016,0.24616968631744385,0.2532944083213806,0.46452489495277405,0.015766598284244537,0.3048918882598578,0.6036730290953566,0.650436554054516,0.14734166389509196,0.2497146874666214,0.20338323712348938,0.4004569351673126,0.016277343034744263,0.41057281453337513,0.705984191070622,0.7419556594968187,0.20905037895675438,0.20433634519577026,0.1861102432012558,0.18290546536445618,0.015544405207037926,0.5233073641235815,0.8776331036656552,0.9032770594646204,0.30159966591584286,0.1297162026166916,0.14363226294517517,0.13155987858772278,0.010902779176831245,0.43560977586835814,0.27120330929756165,0.3478194462092555,1.7757407
n006,CHIR,149520,51429,48301,49790,0.34396067415730336,0.3329989299090423,0.32304039593365436,0.438166631646383,0.6439749848737713,0.6566960744404858,0.17239165329052974,0.4110583961009979,0.4260563254356384,0.5542983412742615,0.021700717508792877,0.405534526359543,0.6158006227886971,0.631076574539629,0.14648350152637613,0.4672616720199585,0.46153104305267334,0.6492209434509277,0.023611055687069893,0.40589281845614616,0.631470958695748,0.6390520081596953,0.1591374919773918,0.4141194224357605,0.4316574037075043,0.5914907455444336,0.021966097876429558,0.4818300890269268,0.6859199247660905,0.6973666069230479,0.2078931512351878,0.3500354588031769,0.38398030400276184,0.4201708137989044,0.019470060244202614,0.5001214965479698,0.8278016858891962,0.8574121140931182,0.2581504144004144,0.18568286299705505,0.1737363487482071,0.1757052093744278,0.01342345867305994,0.45904800160674836,0.43985432386398315,0.38028386529882385,1.6063876
n007,CHIR,83089,28301,27117,27671,0.3406106704858646,0.3330284393842747,0.32636089012986075,0.544787223237601,0.7374427793519559,0.8349947509111723,0.263687130667116,0.18438449501991272,0.09505478292703629,0.4429393410682678,0.006078857462853193,0.39405873910905487,0.6826369770031983,0.773195705949741,0.235945726299424,0.15197384357452393,0.05831725895404816,0.48123180866241455,0.0038020804058760405,0.48826257888480634,0.7007184926533595,0.7777291650733557,0.24119555998082387,0.1767462193965912,0.07799045741558075,0.45470356941223145,0.004365390166640282,0.6119589597247049,0.7943286849578914,0.8840568197932125,0.2987423656535724,0.2250184267759323,0.14935141801834106,0.39224639534950256,0.010086632333695889,0.73808665073604,0.9406883271168375,0.9592305656067918,0.3666060426281007,0.21451525390148163,0.21836507320404053,0.07369662076234818,0.012527194805443287,0.5911242817390048,0.2800825536251068,0.5759495824882401,1.9261512
n008,CHIR,300400,102504,97370,100526,0.34122503328894804,0.33464047936085217,0.32413448735019973,0.23842584547060816,0.6763894014764567,0.7016571265061677,0.17980359520639144,0.21178579330444336,0.07386729121208191,0.2967265248298645,0.006573050282895565,0.2434851900951151,0.6014435082319445,0.5740795297060147,0.11299071255755877,0.23902912437915802,0.04526578634977341,0.36043447256088257,0.004142082296311855,0.22260015589273804,0.6705248975139487,0.6717657171135912,0.18214028961692508,0.2016075849533081,0.0647084191441536,0.3531143367290497,0.006314773578196764,0.35745996559366666,0.7694958652675878,0.8107063075630069,0.23544157730338422,0.1938650757074356,0.11190290749073029,0.1771475076675415,0.00930202379822731,0.5196129867468818,0.892788248985274,0.9307262490079369,0.2946868492539849,0.14427636563777924,0.13663026690483093,0.10078101605176926,0.010140828788280487,0.4753496607842747,0.24513237178325653,0.30716967611613566,1.6628697
n009,CHIR,122679,41805,36612,44262,0.340767368498276,0.3607952461301445,0.2984373853715795,0.5980378708115323,0.7532760852671938,0.8109343166710351,0.2542692718395161,0.2413451224565506,0.1737906038761139,0.4622577726840973,0.013463499955832958,0.5696168532720561,0.727155508417071,0.7784332429882055,0.2327831599091018,0.2771407663822174,0.19319754838943481,0.5865041017532349,0.014957445673644543,0.5960761615812322,0.7453929487801887,0.7934447748966285,0.23910193379219924,0.25593313574790955,0.1858614981174469,0.5010478496551514,0.014426694251596928,0.6198830963788831,0.7676248122526864,0.8368042417568948,0.27447923726898915,0.19546981155872345,0.145476296544075,0.31282278895378113,0.011255760677158833,0.7550715951574593,0.9163216510239651,0.9482866551212643,0.3553724054871118,0.17522239685058594,0.167947918176651,0.17593823373317719,0.010220151394605637,0.43310288735258234,0.2693800926208496,0.6236287001767679,1.9379418
n010,CHIR,268470,92261,86750,89459,0.3436547845196856,0.33321786419339217,0.3231273512869222,0.36684281898164567,0.6768361626135705,0.7116267583964468,0.18034789734420975,0.29415589570999146,0.1544237732887268,0.356156587600708,0.01428777351975441,0.36328559332221216,0.6373955995973999,0.6753937185321071,0.1558892706560735,0.3413850963115692,0.16147366166114807,0.5123382210731506,0.013772630132734776,0.35594293939308996,0.6733969421493817,0.7139674321989489,0.1832737752161383,0.296384334564209,0.16221407055854797,0.355182945728302,0.015369548462331295,0.3794536939361156,0.7312682863548423,0.7386855800540326,0.197593310902201,0.24328643083572388,0.13959869742393494,0.19602718949317932,0.013770031742751598,0.3907538678129626,0.8574418397279356,0.8606224096211983,0.25457229616661214,0.13100013136863708,0.105013906955719,0.11893755942583084,0.010572914965450764,0.448887199722778,0.31384938955307007,0.31734409309081935,1.6890684
n012,CHIR,116944,40221,37276,39447,0.34393384867970994,0.3373152962101519,0.3187508551101382,0.5367649267371022,0.7550811291034694,0.8393607159108918,0.2605862635107402,0.18889062106609344,0.06010090932250023,0.5569150447845459,0.005088417790830135,0.4323582629341545,0.6921046430115264,0.6794448967345111,0.20547723825862108,0.17451980710029602,0.0272368174046278,0.6997687220573425,0.002905824687331915,0.4709746383528749,0.7432014368248939,0.8002194478576815,0.2517169224165683,0.18385623395442963,0.051605474203825,0.5888252258300781,0.004420904442667961,0.6674333123296744,0.8272433735181783,0.9049406254370818,0.32102568002636445,0.20830070972442627,0.10163772106170654,0.38110432028770447,0.007944612763822079,0.7472361292225083,0.926991222006771,0.9528506269685608,0.3490518013417757,0.24473269283771515,0.2171814888715744,0.15833544731140137,0.012805878184735775,0.5062235404466753,0.2819956839084625,0.6684558332604703,2.1242921
n013,CHIR,157364,53564,51414,52386,0.3403828067410589,0.3328969777077349,0.3267202155512061,0.4188364709754676,0.6843120970194956,0.7405979342469602,0.20141201291273736,0.28498297929763794,0.14048820734024048,0.4398043155670166,0.00841135997325182,0.3061455554815691,0.6354155549287079,0.6052394583612221,0.1432678664774849,0.26708027720451355,0.0817788615822792,0.5467833876609802,0.00602470338344574,0.3695224844959063,0.6686823265872807,0.7071938216378385,0.19269070681137435,0.2604020833969116,0.1120385229587555,0.45073914527893066,0.007745595183223486,0.5228341030025273,0.7304376872869314,0.7634573363037677,0.2306914061008667,0.32741308212280273,0.2284395843744278,0.31968769431114197,0.01150510273873806,0.7024973092630467,0.9318829189089004,0.9529996391925767,0.35552939585173793,0.2223798632621765,0.2356400191783905,0.10014236718416214,0.01200578361749649,0.5247203451303784,0.3977119028568268,0.4537791023624512,1.5921121
647,CHIR,171723,58777,55648,57298,0.34227797091828116,0.33366526324371226,0.3240567658380066,0.25331794851928774,0.6356153149199308,0.6483068116520502,0.1529527203694322,0.28456029295921326,0.10810677707195282,0.35847219824790955,0.010272765532135963,0.23607283619979125,0.6130076645270057,0.5912256016334198,0.1319308573081307,0.3034772276878357,0.09009508043527603,0.42889633774757385,0.008420422673225403,0.23752747579098482,0.6291077135696286,0.6367430924670386,0.14645629672225413,0.29220637679100037,0.11097116768360138,0.3918605148792267,0.01082039438188076,0.3252291638250498,0.6514003431750103,0.709632113869551,0.18180390240497046,0.257729172706604,0.12380147725343704,0.2538033723831177,0.011641065590083599,0.5439242488323391,0.8598199335745542,0.9080091939712499,0.2826292334845121,0.19866950809955597,0.1835813969373703,0.15065783262252808,0.013084459118545055,0.4776082934831931,0.30082225799560547,0.32500155718966284,1.3778306
648,CHIR,145444,49512,46990,48942,0.34041968042683096,0.3365006462968565,0.32307967327631254,0.3066993841392972,0.6243224241673403,0.6481323475288557,0.13714556805368394,0.306388795375824,0.22455064952373505,0.23056887090206146,0.016467876732349396,0.1771762462723506,0.5712569419355412,0.5562889106269874,0.08347471320084021,0.32736632227897644,0.14761948585510254,0.32366234064102173,0.01152463722974062,0.32723295491247045,0.627015185334706,0.6535167124403175,0.15177697382421795,0.31891366839408875,0.24089883267879486,0.25519201159477234,0.018530668690800667,0.44642082647827613,0.6940435636660107,0.7235921897751473,0.19670221895304651,0.2731417119503021,0.2866816520690918,0.1127500906586647,0.01948816515505314,0.6625122936536775,0.9625971634503542,0.9733660367082654,0.35245547029519064,0.16131670773029327,0.1803043931722641,0.09772592037916183,0.011041106656193733,0.4969760124228679,0.34286436438560486,0.3452784543700376,1.6785902
649,CHIR,137786,47515,44567,45704,0.34484635594327434,0.3317027854789311,0.32345085857779454,0.3870873021591488,0.678374231489281,0.7905805214180638,0.2036636523304255,0.23253874480724335,0.08161062002182007,0.42621728777885437,0.006093659903854132,0.3126022823471083,0.6726222276560004,0.7164445519157497,0.17100915500368308,0.24191297590732574,0.0802466869354248,0.5557065606117249,0.005778480786830187,0.3402692239378189,0.6560222437224043,0.7882855304000793,0.19883546121569773,0.24060113728046417,0.07640284299850464,0.4288434386253357,0.006264992989599705,0.48951625893529743,0.7075824836400489,0.8530992820742258,0.23842552074216694,0.21493124961853027,0.08810683339834213,0.28903624415397644,0.006254255771636963,0.6403995180043695,0.8985633654770313,0.9510304969295944,0.30927620968829395,0.17493043839931488,0.12902912497520447,0.1477954089641571,0.008821803145110607,0.4613819359355855,0.2799484431743622,0.49920319802258145,1.758058
650,CHIR,121191,41377,39520,40294,0.34141974239011147,0.3324834352385903,0.3260968223712982,0.35530796208905013,0.6567985347216201,0.7176416910562359,0.1726572105189329,0.3628668189048767,0.1409246325492859,0.5486478805541992,0.008557181805372238,0.35892532573274677,0.6436323689718991,0.6182856420768738,0.17349010319742852,0.3700379729270935,0.08304501324892044,0.6557350158691406,0.005890364293009043,0.37572809827396725,0.662817438938513,0.7085228386205453,0.19870951417004046,0.3565772771835327,0.1268337219953537,0.5572828054428101,0.008488665334880352,0.4569015426456176,0.6702054719691685,0.7634453029828385,0.19891298952697667,0.36167165637016296,0.214180126786232,0.43021371960639954,0.011362876743078232,0.6263871660880702,0.8517936473821199,0.886597676839864,0.29229356800734463,0.2660130560398102,0.3005543351173401,0.11007430404424667,0.01659962721168995,0.5278453367747059,0.43367478251457214,0.38058744137642453,1.5423621
651,CHIR,164600,56267,53521,54812,0.3418408262454435,0.33300121506682867,0.32515795868772784,0.3779067443280693,0.7099908266726283,0.7036428375991439,0.21532806804374238,0.22228072583675385,0.12969429790973663,0.4691081941127777,0.009010478854179382,0.34292714256555756,0.6753475367071511,0.6054664730156297,0.16339061972381685,0.2441396564245224,0.1153968796133995,0.6479086875915527,0.008119463920593262,0.3653795110957217,0.7045037732487319,0.7101544533136798,0.22487434838661458,0.21179050207138062,0.1181502416729927,0.4342239499092102,0.008177423849701881,0.47930622239274834,0.7516443325716292,0.7778302978899911,0.25041961614245056,0.21008463203907013,0.15564335882663727,0.3196240961551666,0.01073857769370079,0.6538969051987272,0.8834686406121693,0.9084005159606398,0.3173992022355997,0.2098487764596939,0.2322903275489807,0.14739809930324554,0.012701839208602905,0.49038531708385025,0.26349273324012756,0.45358253836447543,1.660405
652,CHIR,156804,53460,50795,52549,0.34093518022499425,0.33512537945460574,0.3239394403204,0.37236297222931436,0.7034791679979211,0.7085179115932062,0.19955485829443131,0.24089103937149048,0.1451391726732254,0.37765875458717346,0.010549888014793396,0.3152354937170791,0.6477634532630382,0.6202985075565469,0.14945753834642728,0.2749160826206207,0.11810487508773804,0.4589965343475342,0.009375736117362976,0.38266374256515734,0.7165577513118548,0.7152625477495028,0.21245201299340488,0.23234540224075317,0.13791656494140625,0.40605995059013367,0.010653001256287098,0.4831139922898849,0.7537054553038349,0.7796604542028682,0.24667453234124337,0.2145364135503769,0.17962366342544556,0.2674577534198761,0.011644726619124413,0.5281412312947904,0.8164897749520512,0.8150435486402342,0.24847868360660896,0.21267780661582947,0.27846744656562805,0.1346452385187149,0.015576271340250969,0.4883061523530419,0.2753670811653137,0.4344295424399097,1.7596899
653,CHIR,191807,65430,62878,63499,0.34112415083912473,0.33105673932651053,0.32781910983436474,0.3293458862689688,0.656198259674134,0.6642336885363204,0.1731141199226306,0.2468111515045166,0.09080059081315994,0.3376208245754242,0.0076352376490831375,0.22460379748923218,0.6306640322112841,0.5953271087355881,0.1432217637169494,0.2606067657470703,0.07369577139616013,0.4029930531978607,0.006361103616654873,0.32520068900536386,0.6384052511078888,0.6514368575989958,0.1671172747224785,0.25168779492378235,0.09013992547988892,0.3661192059516907,0.007650990970432758,0.4406274549342823,0.6997237537777325,0.7296625103189119,0.21169624718499502,0.22776715457439423,0.10907983779907227,0.24204093217849731,0.008932522498071194,0.6006397557486551,0.8225225203724071,0.8485150841034365,0.2749182105357034,0.2123951017856598,0.2234695702791214,0.10711172223091125,0.015546288341283798,0.4819131009937164,0.2812931537628174,0.4237583857689109,1.5804896
654,CHIR,152772,52463,48727,51582,0.34340716885293116,0.33764040530987355,0.3189524258371953,0.2893882199313497,0.6381928802329899,0.6712351965694593,0.14596261094965046,0.3269977569580078,0.11646591126918793,0.3726351261138916,0.007393834181129932,0.3287376850731752,0.632433602424208,0.6520507764491531,0.15509025408383048,0.3537134826183319,0.0848739817738533,0.43683820962905884,0.005391128361225128,0.32719439926710436,0.6407704562160466,0.6938020562657476,0.16453916719683137,0.3224622309207916,0.11742206662893295,0.37559109926223755,0.00758736114948988,0.302456905593836,0.6554872447838989,0.6822233068016527,0.14284052576480166,0.30411022901535034,0.1476941704750061,0.30454301834106445,0.009247928857803345,0.5480173679997273,0.8136322319355814,0.8420848297470237,0.24152035839638242,0.21904008090496063,0.24143695831298828,0.12910743057727814,0.014298485592007637,0.5044783063859486,0.3509640097618103,0.24935687634290155,1.3687633
655,CHIR,238649,81155,77621,79873,0.3400600882467557,0.3346881822257793,0.325251729527465,0.4762562863856477,0.7376652973952998,0.7971076037292975,0.23791635414353296,0.2424217164516449,0.15291282534599304,0.44917944073677063,0.010569878853857517,0.32154969897589225,0.6790995244433295,0.6754966053481506,0.1819912513092231,0.22336359322071075,0.07720925658941269,0.5466274619102478,0.006036491598933935,0.5390225340548367,0.7592421642531196,0.8176500692453087,0.2582870614910914,0.2561708986759186,0.1662941426038742,0.47966158390045166,0.0114107895642519,0.5451964995453236,0.7673718026529651,0.819004586969678,0.26848246591463953,0.24842426180839539,0.21682743728160858,0.32054466009140015,0.014358826912939548,0.5794852929003181,0.8855749740350951,0.9212688179157981,0.3048646657409959,0.17201955616474152,0.17821043729782104,0.13769365847110748,0.012646793387830257,0.5030736293866513,0.3246009945869446,0.5120673908028167,1.89487
656,CHIR,146605,50801,43508,52296,0.34651614883530574,0.35671361822584496,0.2967702329388493,0.3900229751687427,0.6631833100491701,0.6778520834657882,0.17403567409024245,0.32898274064064026,0.1978904902935028,0.4907989501953125,0.01579679362475872,0.32811686897662506,0.6009535437736275,0.6200545213011983,0.13421979882285784,0.3967754542827606,0.20896507799625397,0.6548210978507996,0.014158643782138824,0.38546875513924894,0.6655483234826234,0.6883170617928175,0.1806104624436885,0.31836560368537903,0.19706572592258453,0.5009289383888245,0.016078859567642212,0.4501293652534875,0.7070335423954965,0.7192251314719759,0.20902172250267703,0.2719610333442688,0.18781863152980804,0.3230379819869995,0.017153440043330193,0.6397780237055303,0.9059268163095854,0.9341460912638363,0.31632701168287425,0.18085163831710815,0.17130830883979797,0.16272233426570892,0.012184357270598412,0.4651407373412881,0.34162256121635437,0.3905702905509418,1.6161548
657,CHIR,89157,30382,28463,30312,0.3407696535325325,0.3399845216864632,0.3192458247810043,0.46415861834709543,0.687875892240389,0.7487929657218675,0.20001233778615257,0.38266003131866455,0.2660274803638458,0.5891668200492859,0.013628726825118065,0.33133676100285603,0.6826256859668527,0.6937153771555545,0.17780264630373244,0.3435860574245453,0.14984124898910522,0.7308185696601868,0.009298212826251984,0.456968670354509,0.6639976449271602,0.7143821794728606,0.19992622000491866,0.400055855512619,0.28995537757873535,0.617296040058136,0.015059877187013626,0.5468081139389754,0.7097191008447987,0.7625430251245057,0.23202032198469258,0.40548956394195557,0.3600136339664459,0.4207744896411896,0.01662539131939411,0.6210197835037397,0.9005906300338581,0.9303481344976106,0.29535349716446124,0.26884710788726807,0.2415124922990799,0.13501831889152527,0.013279786333441734,0.5018804433887569,0.5047609806060791,0.4083700896711533,1.6524156
658,CHIR,85300,29141,27709,28450,0.3416295427901524,0.3335287221570926,0.324841735052755,0.4039837487620098,0.6667564324563838,0.7505013898227796,0.18128956623681125,0.3536091446876526,0.21841472387313843,0.6311007738113403,0.012103348970413208,0.3257441351994153,0.634134959540199,0.6183858273485929,0.15872825229058718,0.3053908050060272,0.07061127573251724,0.7453413605690002,0.006599699147045612,0.3371380085817604,0.6429541470013062,0.7219587609080498,0.15307300876971386,0.33440014719963074,0.1686006337404251,0.7011366486549377,0.010320114903151989,0.5016271178767321,0.6748774032888545,0.711735417756053,0.20871704745166964,0.4217072129249573,0.418324738740921,0.44587385654449463,0.019477462396025658,0.6055618959306308,0.8732563144473677,0.8952346037626194,0.2879233982585938,0.2551644444465637,0.26600587368011475,0.1736982762813568,0.015857471153140068,0.6075922671353251,0.48472124338150024,0.4277066409783271,1.495415
659,CHIR,146410,49790,48016,48604,0.3400723994262687,0.331971859845639,0.32795574072809236,0.3468023049452732,0.6736423294564197,0.7442478995698386,0.18823167816405983,0.21788454055786133,0.07755089551210403,0.5304673910140991,0.0073806531727313995,0.22400416363985828,0.6080159331428134,0.60077240413863,0.1154850371560554,0.2554396092891693,0.06027257815003395,0.5855504870414734,0.006478479597717524,0.3738954481384126,0.6757727028142352,0.7432680919249414,0.20430689770076638,0.19814638793468475,0.06348614394664764,0.579188346862793,0.006794116925448179,0.47578496289710726,0.7198268158060114,0.8331829336879032,0.23917784544481935,0.1989123821258545,0.1091454029083252,0.42590856552124023,0.008884279988706112,0.7023770382793799,0.9448738119860107,0.9795940192066243,0.3811878120051687,0.15119169652462006,0.14402294158935547,0.1166304424405098,0.008068904280662537,0.4680067484157682,0.2562481760978699,0.49195144361382054,1.7258936
660,CHIR,159837,54450,51402,53985,0.34065954691341804,0.3377503331518985,0.32159011993468345,0.4866422946791809,0.7264394213688279,0.7394864452872043,0.2363313876011186,0.2470894604921341,0.09126364439725876,0.43093758821487427,0.006586550269275904,0.41560037857766596,0.6959603691472022,0.6392397988440375,0.1961065197428834,0.23253950476646423,0.06654135137796402,0.5470197200775146,0.005126812495291233,0.5150507606574041,0.7299384056746018,0.7383291917396096,0.25267499319092646,0.2680414915084839,0.09509768337011337,0.4461299180984497,0.006822472903877497,0.5616707101140224,0.7535929414946769,0.8019845685517757,0.2695656200796518,0.24181514978408813,0.11254825443029404,0.2993900775909424,0.00783422589302063,0.6462038350246586,0.8183236406314117,0.8362271091734321,0.28150385956996704,0.28545424342155457,0.2951030135154724,0.11739020049571991,0.01591847464442253,0.48298601463369456,0.3011370599269867,0.5489389100192335,1.6155626
661,CHIR,184661,63191,59729,61741,0.34220003140890604,0.33434780489654015,0.3234521636945538,0.41465304660658847,0.7466862997642365,0.7999114613684625,0.2442177828561526,0.17813503742218018,0.07111598551273346,0.412095308303833,0.0054522729478776455,0.37008021982782985,0.7047478133866482,0.6749563405059852,0.20786979158424457,0.16990096867084503,0.036343544721603394,0.5597082376480103,0.0036637750454247,0.4670368581960571,0.7612601754192099,0.8078800823554206,0.2648545932461618,0.180805966258049,0.07079687714576721,0.40372294187545776,0.005749098025262356,0.47525424749268996,0.7744877383167501,0.8422879486961237,0.2671077565961031,0.18397852778434753,0.1070137619972229,0.26911503076553345,0.006995621602982283,0.6981134520189824,0.923429354809907,0.9498947357595849,0.3423764842911169,0.1933668702840805,0.19563432037830353,0.12171376496553421,0.01034401822835207,0.4889457572763642,0.24002279341220856,0.43914166460699644,1.8412476
662,CHIR,174826,59952,56336,58538,0.342923821399563,0.3348357795751204,0.3222403990253166,0.3921396962361415,0.7160756495298501,0.7728915005248248,0.22064223856863396,0.23610763251781464,0.10794232785701752,0.4295406937599182,0.008340046741068363,0.24550204747743234,0.6334030640154998,0.6373454176770497,0.14431545236188947,0.19910649955272675,0.06072092428803444,0.4678228497505188,0.005594587419182062,0.3836361445318698,0.7455311962649966,0.7688735327570136,0.22679991479693273,0.2635493278503418,0.11678651720285416,0.4550895094871521,0.009401921182870865,0.4688072866696095,0.7600907247070094,0.82137832335308,0.2444565922990194,0.24759311974048615,0.14779284596443176,0.3657462000846863,0.010129895992577076,0.6414475964965348,0.9365659395175736,0.9678691335376308,0.3486223001245754,0.17226020991802216,0.17202334105968475,0.13229091465473175,0.0096767982468009,0.49111688134203424,0.3145812749862671,0.4114707540651994,1.7195529
663,CHIR,148393,50622,47967,49804,0.3411346896416947,0.33562230024327294,0.32324301011503237,0.41331252749063474,0.7041378588464258,0.763149092703849,0.22063372261494818,0.2441679686307907,0.18947072327136993,0.4300042986869812,0.012790617533028126,0.24184227854949122,0.624219932304953,0.6059470605267755,0.14104539528268345,0.19712355732917786,0.07878144830465317,0.5645154714584351,0.006887631490826607,0.40397071559235315,0.7078663114491892,0.7651023413388862,0.21897346092104986,0.2533797323703766,0.18860961496829987,0.45794692635536194,0.011908668093383312,0.45896262890080564,0.7296155164797478,0.7437823099732244,0.2241185446952052,0.2831130921840668,0.3028073012828827,0.2663719058036804,0.01963997259736061,0.6792192921517191,0.8887876799882731,0.918207028011535,0.3366054615462779,0.26326197385787964,0.24737665057182312,0.12178149074316025,0.012057666666805744,0.5335716006746446,0.3485909104347229,0.3435488817274524,1.6742307
664,CHIR,225392,76700,72017,76675,0.3402960176048839,0.3401850997373465,0.31951888265776957,0.44154055702371164,0.7088174712392123,0.7362886200431199,0.22823347767445157,0.19059765338897705,0.11639270931482315,0.456643283367157,0.008740742690861225,0.42019849096792145,0.7087151069233172,0.675057532225036,0.21644067796610167,0.19264566898345947,0.0920068770647049,0.5377777218818665,0.0069662583991885185,0.43273320105202073,0.7020194114518155,0.737076660281972,0.22166294069455827,0.19830721616744995,0.11975961923599243,0.4957008957862854,0.00924018956720829,0.5101371847315405,0.7263330652254646,0.7792074656810156,0.25096185197261167,0.181307852268219,0.1376240998506546,0.3387974798679352,0.0100467000156641,0.6435368234201604,0.8574031790186519,0.8997209591596868,0.3519907302429983,0.20837245881557465,0.20228224992752075,0.18319053947925568,0.010208696126937866,0.4987023149657646,0.22024621069431305,0.49931510426034287,1.5448171
665,CHIR,324540,110504,106739,107297,0.34049423799839773,0.3306125593147224,0.3288932026868799,0.2051231226265993,0.5842156386977452,0.5974000332428031,0.1242774388365071,0.22713083028793335,0.1356450617313385,0.23349592089653015,0.00972003024071455,0.2293566946435864,0.5993448446016361,0.5840441347196843,0.11246651704915656,0.2297578752040863,0.11993204802274704,0.3056038022041321,0.008252715691924095,0.21855591249883813,0.5843440275177947,0.592141508167712,0.12590056118194848,0.22585704922676086,0.13993075489997864,0.23215025663375854,0.009921666234731674,0.20611497891184727,0.5757110478729734,0.6098253451625282,0.12212363812594951,0.2256922721862793,0.1475643515586853,0.16057135164737701,0.011030617170035839,0.4409192676527688,0.8209323583051323,0.8597656725661839,0.2578458930085218,0.1670202761888504,0.16582733392715454,0.11122268438339233,0.010663160122931004,0.47444942542661955,0.247433140873909,0.19429618572455445,1.2007508
666,CHIR,115259,39274,37160,38825,0.3407456250704934,0.33685005075525554,0.322404324174251,0.35221747786499585,0.6946596673220328,0.7325220269568423,0.22223427237786209,0.2517988085746765,0.08805174380540848,0.5647841691970825,0.006604901514947414,0.43901254414864394,0.6919804313574912,0.6588903413111288,0.20899322707134493,0.25211021304130554,0.06814362108707428,0.6511659026145935,0.005384780000895262,0.3276418469188531,0.6763555171031073,0.6920774190024275,0.21420882669537133,0.24425484240055084,0.07769761234521866,0.594592809677124,0.006174824666231871,0.406786949032911,0.7062425309329871,0.7994145483281638,0.23334191886670963,0.2587043344974518,0.11810021102428436,0.4488731622695923,0.008250766433775425,0.6949282182688259,0.9504356011664812,0.9704702818022611,0.35867117457059194,0.21447183191776276,0.20274116098880768,0.14754359424114227,0.011144445277750492,0.5278815196394075,0.3029693365097046,0.38645582016339,1.448152
