condition,gc_act_cv,gc_act_mean,gc_act_tubeness,gc_alignment_deg,gc_area_um2,gc_frac_all_three,gc_frac_s9_only,gc_fraction,gc_gskp_tubeness,gc_icq_act_tub,gc_icq_s9_act,gc_icq_s9_tub,gc_jaccard_s9_act,gc_jaccard_s9_tub,gc_manders_act_on_s9,gc_manders_act_on_tub,gc_manders_s9_on_act,gc_manders_s9_on_tub,gc_manders_tub_on_act,gc_manders_tub_on_s9,gc_mean_area,gc_mean_circularity,gc_mean_perimeter,gc_mean_solidity,gc_pearson_act_tub,gc_pearson_s9_act,gc_pearson_s9_tub,gc_s9_cv,gc_s9_mean,gc_s9_puncta_count,gc_s9_puncta_density,gc_s9_puncta_mean_int,gc_s9_puncta_mean_rad,gc_tub_cv,gc_tub_mean,id,n_growth_cones,neurite_area_um2,shaft_act_cv,shaft_act_mean,shaft_act_tubeness,shaft_alignment_deg,shaft_area_um2,shaft_frac_all_three,shaft_frac_s9_only,shaft_gskp_tubeness,shaft_icq_act_tub,shaft_icq_s9_act,shaft_icq_s9_tub,shaft_jaccard_s9_act,shaft_jaccard_s9_tub,shaft_manders_act_on_s9,shaft_manders_act_on_tub,shaft_manders_s9_on_act,shaft_manders_s9_on_tub,shaft_manders_tub_on_act,shaft_manders_tub_on_s9,shaft_pearson_act_tub,shaft_pearson_s9_act,shaft_pearson_s9_tub,shaft_s9_cv,shaft_s9_mean,shaft_s9_puncta_count,shaft_s9_puncta_density,shaft_s9_puncta_mean_int,shaft_s9_puncta_mean_rad,shaft_tub_cv,shaft_tub_mean,whole_act_cv,whole_act_mean,whole_icq_act_tub,whole_icq_s9_act,whole_icq_s9_tub,whole_manders_act_on_s9,whole_manders_act_on_tub,whole_manders_s9_on_act,whole_manders_s9_on_tub,whole_manders_tub_on_act,whole_manders_tub_on_s9,whole_pearson_act_tub,whole_pearson_s9_act,whole_pearson_s9_tub,whole_s9_cv,whole_s9_mean,whole_tub_cv,whole_tub_mean
Control,0.8112312133981625,0.43765143,0.046752833,34.098446,103.86028244244382,0.061934357541899444,0.11162709497206703,0.39240617327238775,0.033799663,0.1436173184357542,0.18507681564245815,0.09735335195530725,0.39721429770095595,0.21001080089366267,0.49088179896062106,0.2845565170745891,0.4974442055101928,0.2690689026818,0.4503967515070512,0.4155789508515344,11.493613379167526,0.4872118318209725,13.970676323309108,0.8680102976422999,0.2702135399868594,0.4110157064509643,0.20781536583475413,0.82058532184328,0.364429,873,8.405523068772215,0.8793107,0.09252524938671777,0.8478630287464609,0.26078433,A_0,10,264.67545496617413,1.316558987426347,0.08120999,0.017657138,31.25407,160.81517252373033,0.010102467888584212,0.15586213739356328,0.046313353,0.060907959301486514,0.02496752778178668,0.10467329340453169,0.08088652920113584,0.20009607113732564,0.2343456997686241,0.25222249930340274,0.11738084925210622,0.28968379265214905,0.15179302421264268,0.32079973706013315,0.06062212440765413,-0.058973961796183895,0.2159244841473474,0.9572744523126935,0.3047143,1373,8.537751621642185,0.83166283,0.08941154119279678,0.8921760939000684,0.2726496,1.3318704907702423,0.22107984,0.09995670378814447,0.12055254735180643,0.10049105576990525,0.438748693980904,0.2650508522677815,0.23891761310980397,0.2778029734182801,0.19863630068201824,0.3613600847421063,0.11962526900547667,0.24184302179469988,0.20898970999942437,0.9021596391981611,0.3281466,0.8764512715344059,0.26799354
Control,0.6996980322224862,0.46542993,0.05688693,35.895832,127.89320366460038,0.043405770801197716,0.10066577443063243,0.4225033544181085,0.04280221,0.10562222121404596,0.05896130115234555,0.11504173849922872,0.21717076628310034,0.20655354008191895,0.2835676975627764,0.29746940607124306,0.4309802769929607,0.31597862069750604,0.4829153351710624,0.3269437980860202,12.789320366460036,0.38686182952784065,18.989639607066707,0.7689730333430634,0.2740417648287763,0.13645351019569543,0.21534626364521758,1.1415819586699174,0.27482295,1061,8.295984224319225,0.89175564,0.09001019856089405,1.0031685103567418,0.24517582,A_0001,10,302.70340419118963,1.3574651649199443,0.113925226,0.027878078,31.198376,174.81020052658923,0.012023698884758365,0.08441068109399893,0.039312273,0.16473048327137552,0.160208112055231,0.21841808284652153,0.10982232853424785,0.21911123267162794,0.22990982632206947,0.27483419038850304,0.1823479535960664,0.3556838629191991,0.20398172197114517,0.3075382052703602,0.23469559730811798,0.16935230901371862,0.33722524668418075,1.606090044903331,0.16773736,1077,6.160967705288849,0.8513788,0.08927841900602217,1.4005742069681653,0.18177511,1.135273518125192,0.26243713,0.1290300939237109,0.12263753114816944,0.17328445466743336,0.2798397354108444,0.3034300949041738,0.3080775115536716,0.3433088537430659,0.3178512625490598,0.3190237233693397,0.2660438565946022,0.2187892116655747,0.29655922174751276,1.3792938759590285,0.21298142,1.2126988376242003,0.20856212
Control,0.7863067270505012,0.4347113,0.04937908,35.963257,125.86241601907773,0.028979577724506732,0.06693711967545639,0.4469996702932801,0.03372493,0.12453900055319933,0.14012078185506183,0.13017471879033748,0.23785966036526723,0.15045165111802133,0.2604542847299306,0.21901436357832038,0.5234809478295096,0.22509429577966716,0.46663080320426287,0.2527441697101057,7.403671530533985,0.4868885800709563,11.526929153868391,0.8781562421749015,0.2487760533484249,0.2953163632891503,0.17447689388161286,1.2805942036586662,0.20485112,924,7.341349619883426,0.8208614,0.09144657575718015,1.105829449386832,0.18854636,A_0002,17,281.57160817692255,1.4704326486604882,0.097541176,0.023201818,29.377775,155.70919215784483,0.005030555969593084,0.18827321508421524,0.03631533,0.09470953197197796,0.048964078104039355,0.15482467580861525,0.031526093398452464,0.2135059176566749,0.26155445137364197,0.2659332299921512,0.047147898749952205,0.3028187698991431,0.07839183203996561,0.37726886006078714,0.12169536579661737,-0.012909273479761788,0.24603246271960913,1.1259874138920392,0.2970493,1067,6.8525177300880245,0.77569926,0.09267031275735492,1.0771159451468215,0.21383962,1.2198182140559113,0.24825616,0.0774964968677877,0.049298858391031986,0.15091545087372238,0.24048952757854994,0.22920874564277355,0.22526425845949477,0.27499984098760794,0.24267318387434214,0.32278708596897565,0.1200344036947385,0.04087932763047136,0.22508751175863168,1.2030318751700946,0.2558367,1.0921483003807897,0.20253356
Control,0.9039790914693995,0.30518103,0.04963851,32.6484,193.86479089200742,0.015297647551777805,0.09527265653058781,0.2983533950065619,0.024918865,0.11792170477672692,0.12498129414581582,0.15954223033640613,0.2113194622827295,0.14697307238012627,0.2742185275318053,0.1147927702658982,0.392127073867324,0.16017942130200866,0.3630996324497701,0.337771359487504,12.035317924929558,0.42909384120887933,21.346778927679146,0.8106432114736573,0.18523523440977305,0.27231455738671106,0.28990004068240205,1.2530072597305164,0.21710852,1561,8.052003630038998,0.7866916,0.08675721334400027,1.4667142827171156,0.1178308,A_0003,19,649.7824195622569,1.5635617565540032,0.14504494,0.03335933,32.012093,455.9176286702495,0.007887268377112604,0.05108111891671757,0.023121456,0.22185845550804317,0.24021965994705763,0.27456220728975766,0.19385628669648006,0.23488755434311084,0.27941448381839995,0.13481364155931325,0.30178277706608575,0.27248874030563897,0.2134813309136945,0.37193409766658125,0.21865969918247102,0.3803520572212757,0.4646950166213307,1.8524367978166858,0.12246467,2365,5.187340544162221,0.70931894,0.08394190672787119,1.9570226555297734,0.1008647,1.3136638842380233,0.19282204,0.18512586169946776,0.21059175983141054,0.23869186877165416,0.2835076757506893,0.11728653383860298,0.36781300438070863,0.21633741747978094,0.2816711128047259,0.36230798302600864,0.2086653917634043,0.37049599473813016,0.4069132808781553,1.626262934802527,0.15070198,1.7989267510362756,0.105926596
Control,0.8800120448091932,0.36856258,0.060189944,31.2977,138.99871096040135,0.036749666054433125,0.13132409417264987,0.3960454966273174,0.03656897,0.10759830522624814,0.13786734012355983,0.11972470362330945,0.29757476738392336,0.19698157837226318,0.42129764454054197,0.22200817762864605,0.3907996558178177,0.23810318848991413,0.3593464748685393,0.4145919996435989,10.660072994651175,0.3994988500876013,19.63185691106212,0.7646410638586725,0.18702794262666525,0.3413595166465836,0.24708692337286728,0.903096559782487,0.36102217,1206,8.676339454275254,0.8198841,0.08988355552526091,1.1712989205706466,0.18102694,A_0004,14,350.9665231496392,1.4758013610648792,0.12929887,0.035194717,25.103224,211.96781218923786,0.01821690572648637,0.07825673382240228,0.028149571,0.21674833023103035,0.24835418263440268,0.2291928993758896,0.22263091113867353,0.1882246955915257,0.33004387349683123,0.23742304852764276,0.30295455767931284,0.25301711276654754,0.26588784780563623,0.3222566015973421,0.31153881493563457,0.3988708397507852,0.33182312120998086,1.5762438928713407,0.14851579,1233,5.8169209148539816,0.84429353,0.09112233156698114,1.6737353568515687,0.09964088,1.2412531460826208,0.22405823,0.1805296091786801,0.2158651302737733,0.19481756712075127,0.4089332433966659,0.24896751294368358,0.33531406810731673,0.262105820176264,0.2893135657617106,0.38111581443554815,0.29750020054867965,0.45635076141654524,0.33567142461102095,1.2603520804606667,0.23267804,1.44253417197994,0.13187344
Control,1.320876169882585,0.1731273,0.031301923,32.889362,199.73666831277575,0.013192104345805252,0.16061468742737625,0.20783172537037334,0.016926192,0.17966389728096677,0.09238830467115966,0.1876416163141994,0.11397405395699588,0.1625622596305401,0.27379249459360516,0.2047564859728919,0.16231552386411222,0.1862100988742554,0.2369008043261584,0.39857597311838383,6.8874713211301986,0.4666461465687104,12.67609964422058,0.8482606328992573,0.29234235992862306,0.11893971117350756,0.33590532914125737,1.2767318635479903,0.21009618,1355,6.783932121454395,0.7586966,0.08883186898960889,1.418781007813759,0.08362514,A_0005,29,961.0499453671363,2.1000339662346548,0.089665145,0.0180461,34.436054,761.3132770543606,0.003384841094428778,0.09107632802377867,0.01969228,0.22292127124456973,0.1786582577547443,0.2658467342428169,0.06841292315613332,0.19857556033776236,0.2055594144037489,0.1270596842312327,0.09818902212014138,0.22913868691058545,0.12876709648101142,0.3637997064124815,0.17887814108157424,0.1350546145139976,0.41572799143079286,1.7276019166231866,0.12657209,3564,4.681384270335074,0.6239215,0.08261356940287103,1.9292157555760754,0.10464144,1.8713688569108133,0.107011236,0.2072287392685077,0.16368619969329967,0.24718581329920186,0.23185782385251158,0.10536149958959057,0.12103972896262696,0.18262270664751118,0.14966558905957963,0.36764258646594733,0.17934686712928488,0.1519364772933509,0.377407132686355,1.6142117884217826,0.14393108,1.8732314498483273,0.10027361
Control,0.7291033888258794,0.42674434,0.05089545,35.849903,182.50398457791218,0.03639441724422967,0.09026673872957335,0.4683860976262312,0.037038215,0.1396920900362434,0.09988793158262865,0.0992957970369428,0.22075253406088635,0.165515566256917,0.26612155445730934,0.29402591456979627,0.44810435173425456,0.2752405399899857,0.4774686458514342,0.268507165197217,13.006158753426863,0.4473937461553864,17.64225211408284,0.8398414946817775,0.321718369889096,0.21540434183809362,0.15285461260997252,1.2182790308903415,0.23729645,1427,7.819007367425572,0.81926143,0.08612158385158146,1.063004838075605,0.20342898,A_0006,15,389.64432442122194,1.4724639603238274,0.08024326,0.020336725,29.520803,207.14033984330973,0.012286414565826331,0.10071778711484594,0.03513875,0.15740546218487395,0.14867997198879557,0.1959803921568627,0.11759221273262954,0.19750487971215555,0.2444604327394032,0.25970795199672575,0.17748445689250253,0.30644914817272195,0.19461246861023082,0.31107214065145383,0.20049060853716527,0.15136669913246784,0.3022891129645631,1.4895677762963737,0.18046275,1366,6.594562898915028,0.8301062,0.08852917935064343,1.4066373744876126,0.15052128,1.1854095383374101,0.24253953,0.1445706882687554,0.11313547964380377,0.1494252017750246,0.2730755450711077,0.3082189449908131,0.2997908400306936,0.3029483784870627,0.3272817693192262,0.29123721777579026,0.28037626076534455,0.20543868978735585,0.2382414288622393,1.3518041966851628,0.20708284,1.2291891438272085,0.17530252
Control,0.8004263931886282,0.4011354,0.050424114,33.426434,152.20463290671432,0.04380622903324184,0.13617432906373894,0.3888526534241521,0.037884094,0.17585868405001526,0.0986247712717292,0.1002496950289723,0.24975525075443297,0.19407011154108786,0.36168552318287917,0.3039587668121629,0.3706392895579435,0.25597981872305914,0.4392634556005364,0.36312038104071004,16.856182152328593,0.4802928856707318,21.645781882976337,0.8310463517067507,0.3758094684035528,0.2440593731831104,0.2091226508339857,0.8434159888247591,0.3534867,1239,8.140356678620714,0.81386876,0.09118420567045343,0.9552375777976319,0.24162011,A_0007,10,391.4198130484503,1.343787393399467,0.08606555,0.019342763,29.571428,239.21518014173597,0.006700543320073736,0.10823954593965267,0.03638517,0.08725865916367515,0.09439276705151833,0.18897048122635107,0.06852539451001186,0.2253865167450199,0.2099281938784705,0.21487355429107163,0.10342193522860355,0.32806029902953804,0.12318825580975594,0.31975641465571675,0.09475904347757902,0.06858169188077141,0.36162454252856047,1.2265939581003522,0.20318012,1649,6.8933752407446365,0.76482475,0.08880984180431341,1.1974481408586028,0.20357563,1.2851308709664135,0.20858128,0.1392732730506967,0.13734435220871632,0.15142862436999704,0.35658296677958484,0.28597927916603705,0.23754849524056945,0.29045775814500946,0.23284771055533804,0.3403663315521885,0.238458482035744,0.28801832097207136,0.30487609484323175,1.066743761491023,0.26162723,1.0969119750901855,0.21836929
Control,0.8317980737756635,0.36921784,0.053030055,31.23832,187.11097140804068,0.042355339866038205,0.08745891218060035,0.44147523478345685,0.047346298,0.12965532746216824,0.08208260977424953,0.19586873604564625,0.18803503972316066,0.3072346525030186,0.28749452054006375,0.3527502233194113,0.31936650340058204,0.4396656669607473,0.3622234365056465,0.388966895625038,17.01008830982188,0.42164011780206995,23.775922198984482,0.806176742487833,0.30407429796289415,0.1615020865349191,0.41700773681166625,1.1156719875272532,0.27242827,1452,7.760100805808908,0.7705676,0.08912434850901513,0.9651797721389865,0.27638093,A_0008,11,423.8311838709917,1.4777437435851553,0.10515874,0.029046834,26.435596,236.720212462951,0.01627530761311829,0.055661429481837346,0.036519565,0.1864705377714594,0.19492070689739693,0.2827038090102456,0.13385892611837766,0.2909046274702341,0.23585668222380998,0.27940008213480294,0.23380052087284955,0.4457827468308952,0.23086903486351482,0.3581726088940419,0.25054723161054526,0.23584854484192394,0.5029256997553351,1.6743929143797018,0.14707817,1297,5.479042057730686,0.78673583,0.08869463003019061,1.4728676959687284,0.15944701,1.2128215135952194,0.22173424,0.1708135969115352,0.15325445609615862,0.24472421487829588,0.28762017150112,0.3650886689537355,0.26969170465133613,0.46372486757684517,0.2905337074153197,0.38311189288907793,0.34437564110838736,0.26350430769001143,0.48469171072631007,1.3844351264160857,0.20241715,1.213368191249628,0.21107045
Control,0.6354382026447406,0.48705065,0.05794995,38.644077,126.65152207562367,0.03458860179585853,0.0752130291368884,0.4528442803201568,0.036760144,0.09059464907458314,0.03317413413963721,0.17195230896096758,0.15698369883898186,0.24197757765116662,0.19533903266459082,0.2330387772203547,0.3984285523107065,0.3500488832981479,0.4625097627048444,0.31106753441954293,11.475796367789782,0.5147344945072859,13.330374101871275,0.8689446677853404,0.20100979801917523,0.025369548940171783,0.3497262157680824,1.3504728625257993,0.21561256,875,6.908720761183164,0.86659145,0.09167722210517514,1.0474628649491065,0.21278898,A_0009,12,279.6800745413786,1.5187084666331867,0.12827717,0.033816457,27.884577,153.02855246575493,0.014735155835292333,0.09354383104572685,0.039540708,0.1958368089785395,0.15842780768939102,0.23349226510957766,0.10510393466963602,0.28445757703672386,0.266872274647711,0.29884742753211463,0.13921961540958727,0.3876305076666403,0.16618331877653447,0.38965860951745446,0.28392118895404606,0.18219977453672126,0.46603471323806384,1.4641870900431617,0.20208469,883,5.770165016734526,0.831618,0.09411643503981085,1.3677233082522355,0.18444349,1.0658635412143307,0.2907457,0.11271057217542846,0.06359435293141369,0.20386083564997304,0.21260754511908614,0.2476912167929571,0.29697423320973204,0.37234646305242525,0.35133798727547333,0.3512711723045782,0.22111783105986033,0.08768334940731949,0.41729089601158753,1.4112770345533867,0.20821074,1.2156654519044006,0.19727959
Control,0.9664303930841689,0.32221597,0.056411095,28.505724,236.95230247958216,0.025108354963514375,0.10225157941133259,0.43699439284330427,0.03061666,0.11171580390812474,0.057094495322983496,0.18450034281796368,0.14477476792490643,0.23332813174103392,0.22852398055941908,0.2513258414920533,0.3099701440736413,0.3257804917282213,0.37627729932792725,0.3522348081452643,11.847615123979107,0.42865271478235795,22.28063280789201,0.7989554753576492,0.21312711575009577,0.06757167966504511,0.3372432821786038,1.2738770359749003,0.21976246,1656,6.988748295205936,0.7222972,0.08875200748739019,1.184664783396031,0.14852561,A_0010,20,542.2319058553776,1.7791929096277603,0.08718958,0.024229115,29.815018,305.2796033757955,0.003886798190595659,0.1010686319230623,0.026026253,0.17119968069335156,0.16467337590755315,0.2834773064203444,0.04308833445718135,0.28509455136257783,0.23168184920659243,0.2613680491996237,0.0657688968420203,0.39942064208270345,0.092489328801997,0.40401239267714145,0.17630157046612038,0.10387838698820219,0.44695937747622666,1.566976260971535,0.16909902,1698,5.5621141446165545,0.719858,0.08677528653114001,1.464446462495606,0.12365759,1.3884229821117229,0.18989486,0.13232060309035654,0.10746827248212987,0.23771026837306852,0.2371077802241341,0.25678510402182186,0.1980494292080416,0.3621654911045187,0.23601872023169218,0.3807431581805409,0.1973631086569792,0.1099517430393552,0.4016678679556006,1.4263868186309832,0.19123866,1.3327516848013155,0.13452476
Control,0.8655346658012419,0.35544077,0.05740436,31.479975,197.11405112484366,0.03294624985281997,0.0878480807724008,0.41448476123072714,0.031725153,0.14379856941010238,0.13156790886612502,0.17822765807135288,0.23426344734829968,0.1993247515237346,0.2876333147051712,0.20486252881587816,0.4167099279002005,0.24655709034244505,0.43310958957462214,0.3474154721894017,14.079575080345974,0.39076349121151754,23.253399497099586,0.7693872259420903,0.2844230801765472,0.3008617691338843,0.3149165969754073,1.2050937396717043,0.22902738,1562,7.924346291325032,0.79175913,0.0866170131495895,1.3865095756983812,0.17513959,B_0,14,475.5640485780771,1.5330007456236718,0.13009548,0.032799564,30.998375,278.44999745323344,0.0023129818712231717,0.0909017503646593,0.027762089,0.09323036049176914,0.10132058762242135,0.23040216711814965,0.07029129810586758,0.24133768238749115,0.1722585019651226,0.0815878192758969,0.1359215631233129,0.2869031622754158,0.11135417535891406,0.3761313583548034,-0.01753434213048002,0.045947500978143346,0.43538537601717436,1.4941463695436499,0.17381036,1931,6.934817804491538,0.753111,0.08341311329741292,1.623955801991058,0.15046228,1.2240515906762115,0.22349767,0.11470407017886342,0.12102864742197605,0.20949799907274103,0.2536944804194701,0.1609839851054396,0.28756456144779513,0.26843951397011323,0.2754902561871986,0.36499571132646585,0.14464770375084185,0.20464270706987572,0.3862375546714008,1.3622988532258802,0.19669694,1.5185813555124408,0.16069064
Control,1.2398702015290364,0.22060962,0.040001526,26.007727,221.59954787943096,0.03932760787599497,0.07759805718475073,0.23151998642109095,0.029719621,0.2133856566820277,0.2218429252199413,0.20586772098868877,0.2654586520199166,0.22516007610007546,0.36426037472647216,0.3563412678807372,0.39676638088927096,0.34049019805064806,0.37756589367089266,0.3323133501867839,8.506991763442112,0.457266930090868,16.817197482178646,0.8114007152688333,0.40554197090311384,0.4424216671567819,0.345851604125512,1.3403269166936032,0.18013991,1460,6.588461095569137,0.8128567,0.09001628349812052,1.3103900826780852,0.13965316,B_0001,27,957.1508330877328,2.048148726134654,0.092410065,0.020356279,29.4044,735.5512852083018,0.012591701506665614,0.07031336278299283,0.02609407,0.2363088664510531,0.23938629013173462,0.2817375956456575,0.13008237032239778,0.22952319092246706,0.2929898804206673,0.3489113537151261,0.18378794902514242,0.34930010410879603,0.21497274405609348,0.32463906296551415,0.3691446854159939,0.29369735597283797,0.3981914527529008,1.8511189127512269,0.12099198,3359,4.566642826337124,0.6862303,0.08298707498601984,1.7023990928655932,0.10989127,1.7902653555409123,0.12209083,0.23103351074792977,0.23733420424097673,0.2648799420472594,0.32663656871408336,0.35933157055273124,0.2592059151925186,0.35938711589815747,0.26750238399774795,0.32921707319941984,0.3782201623931945,0.3524856802518409,0.3894032814199581,1.7039320680485255,0.13468601,1.5975549078735385,0.116781764
Control,0.7376697130723957,0.43546936,0.059361674,35.244,135.0647851785032,0.06565211787954292,0.09044484062204657,0.3987597642865755,0.04398476,0.16733611134977233,0.09528846979981098,0.17223880917604606,0.24337564016922708,0.29668284343462153,0.30931907526412245,0.34548778532618457,0.43092832076893006,0.3927950144131762,0.49544987409611024,0.3901828889510614,15.007198353167022,0.4465594079486266,21.1996591766222,0.8223247081636145,0.3851220102196974,0.2007636261716307,0.38211249357115484,1.054872483243294,0.29890805,1091,8.07760511785003,0.7995617,0.09016087661083402,0.9391191693101695,0.28666085,B_0002,9,338.71217027151397,1.5018772154348385,0.12817727,0.032591723,29.697521,203.6473850930108,0.009523334662943757,0.08658969172032595,0.037917845,0.12561969342982504,0.12234671491253057,0.23005940509430733,0.08658320265302438,0.24735767630565644,0.20834018673676313,0.23817104631578787,0.15054121656454722,0.3669623244351438,0.1802130674781202,0.33614167075154516,0.18413197459812913,0.11587159051783409,0.4320207204630426,1.490196945658819,0.17637023,1256,6.167523336603301,0.8166228,0.0880830702769383,1.3085196440747586,0.19153443,1.1701610164542127,0.250713,0.14927153282170758,0.12114995888721392,0.20566457105659863,0.2897937702906019,0.33483304948029935,0.3143540837199234,0.39685800232175017,0.34809983074276485,0.36424877403947653,0.33298557398366696,0.241878433127154,0.42987216305412684,1.2927261408384274,0.22523336,1.1433644576870858,0.229467
Control,0.8838752679017684,0.35741517,0.05258673,31.84619,174.36922949499004,0.03881189271928657,0.09784706508718222,0.3762802694512498,0.045195483,0.11439754425662185,0.06780746705710106,0.17500083189138826,0.1791058744256126,0.2811226845913076,0.2875149302579078,0.347178141715601,0.31302847469439116,0.4182495152912254,0.36905867386590613,0.3822601372920772,15.811659860308259,0.4074224248571216,22.268767814099707,0.806415484421292,0.28068547708459607,0.12999652808599582,0.3671521443485183,1.1517565449808556,0.26488006,1429,8.19525328028268,0.8263509,0.08810083103119379,1.01496650066509,0.25155297,B_0003,12,463.40253170660435,1.7098320607089041,0.104062475,0.030107988,26.064697,289.03330221161434,0.01458927209218292,0.05811368290038945,0.034920186,0.20143684506363668,0.21837736379331107,0.28101788653792104,0.13497147592185343,0.27539939904203703,0.26080490341622475,0.3221851874329658,0.2175407858933581,0.4436318028616056,0.2131129521237406,0.3512642129018542,0.27848485859217703,0.25364411451033836,0.4659595156206961,1.762437115817664,0.13865815,1524,5.272748809006387,0.80653,0.08671309977344711,1.542853939992208,0.14533746,1.349107909587037,0.19939406,0.174315415821501,0.16637555405303883,0.24244828838304155,0.2920892388178216,0.370981372887345,0.26826734021098786,0.45303151181150764,0.2897062798929172,0.3738932173895631,0.334404107079179,0.25751737225356375,0.44724815931301026,1.4810231143275903,0.18615296,1.3056672395055031,0.18530427
Control,0.9211126989742292,0.34201422,0.051892214,32.219376,173.23198841349736,0.03142165728831726,0.08848305198285102,0.29176764912824416,0.035672054,0.12271821409431938,0.07583065380493037,0.15486418140407288,0.18144656225422115,0.21044671377407775,0.25287965742965557,0.2941395874715715,0.36993489427617954,0.32250833720708666,0.4280532526669236,0.3110852976404214,14.359602737317024,0.4545984755008174,19.826302556677987,0.8213539024539444,0.3058027124010714,0.16938933356267538,0.2732612611748211,1.2951851613931857,0.21258993,1383,7.983513972592866,0.8302358,0.08621471745712014,1.1489618254383214,0.18639047,B_0004,14,593.732680545832,2.111677346922483,0.08436929,0.02285657,27.565323,420.50069213233456,0.007295921183353571,0.0900571945027045,0.034093708,0.16993114582183466,0.14787780108179716,0.26686858372888844,0.06021597303490463,0.2920481437761573,0.23501576393984064,0.37421432540821997,0.0872890370806909,0.4473591615124849,0.13790022018170853,0.3868416996065558,0.24687023287656953,0.09814813726115117,0.4563370549402734,1.5437245377209352,0.16959694,2254,5.36027655167358,0.7679202,0.08544703077954677,1.3747205998009098,0.16365848,1.5999112692199837,0.15954174,0.14662897740598857,0.12379676139473073,0.23123802869204912,0.254038281323184,0.3278565815618395,0.20267983360122083,0.4044647306869125,0.2450997035951053,0.36333365326450057,0.2511262560839316,0.1443077142782485,0.4043603929199463,1.4634157627360913,0.18214092,1.3043576448087946,0.1702909
Control,0.6924421603951507,0.52200913,0.07041733,27.817192,83.83091400717477,0.07490656146179402,0.06662686877076412,0.38220199989401127,0.042817727,0.17811288759689925,0.14144691306755264,0.12306201550387597,0.31782101658539613,0.22187609597095242,0.3460539706125754,0.361170067926212,0.6384694844425862,0.3412049468287967,0.6630581099611459,0.34441644500032453,83.83091400717477,0.09107435309325097,107.54964596532618,0.5041876046901173,0.4688674713619608,0.3776189790043771,0.24885448281272163,1.1120371649381806,0.2742125,612,7.300409487923408,0.94134164,0.09777861178433127,1.0147016734661372,0.22770335,B_0005,1,219.33667021727717,2.130419742637461,0.07862966,0.0207447,26.045158,135.5057562101024,0.00550226941851503,0.11231480688533013,0.043141052,0.14787616682367044,0.12500535240215804,0.29838036310696237,0.036734821974986995,0.4363543377028876,0.32288256304974294,0.3947493230944602,0.052139190317766954,0.5736046913746721,0.08067415082492956,0.5869114057146496,0.17271420215747563,0.0678223410912865,0.6074887254694428,1.269955153165549,0.2807027,728,5.372465497854534,0.88653076,0.09573711964038661,1.2322709452714196,0.25588667,1.3591048085965731,0.24809022,0.1043364107719168,0.08502195651023758,0.23389304798687904,0.33610990717483696,0.3263251711212898,0.2960908592695098,0.47463828669861446,0.3073683911516173,0.49839409628942877,0.18279839515847326,0.1557037850501723,0.5059039020809438,1.2138644303702537,0.27822217,1.1683782497280382,0.24511497
Control,0.7213844416755695,0.47055507,0.061527558,30.510891,118.59799849852244,0.05291095890410959,0.07064579256360078,0.412745850329003,0.042975515,0.08731042074363993,0.1016634050880626,0.15653742661448145,0.26159208534309725,0.24351359289840369,0.3164101390199349,0.27140533309791787,0.5301662544631542,0.34291255989275765,0.500222056477112,0.3678796555365652,7.384814216682702,0.446916090813088,11.785392269451599,0.8285923032728849,0.2335435077105753,0.297224938550991,0.3341136148673676,1.134176964224132,0.27012092,962,8.111435371408684,0.90560067,0.09080522691057034,1.0848563457553246,0.22934271,B_0006,17,287.33904509020687,1.6349064081423428,0.10283149,0.029331652,24.00662,168.7410465916844,0.01226703803039681,0.07767261536345506,0.041057505,0.18083780345230727,0.19388711230314282,0.2840588680283337,0.124406379982314,0.32063369991540364,0.30204294489461014,0.2776452918765303,0.16990523666859372,0.435703233938174,0.15709148000305004,0.43688519815268817,0.21634558539263868,0.23141430968699442,0.5249975088577318,1.5301280944671807,0.19499375,911,5.398804964176122,0.84620947,0.09397429492002572,1.4454696470566375,0.18706493,1.222826976451735,0.25460795,0.1292430636888655,0.15258117604297083,0.2291405839828763,0.32057628820920675,0.27535548556212847,0.349221141546704,0.3961507106228115,0.3162976335676782,0.40836869924460695,0.21636839524456192,0.2776108488527024,0.45309414126020303,1.3449064582520223,0.22600214,1.2836560765437899,0.20451494
Control,1.0694018695338587,0.23475438,0.036835965,30.282978,216.7604710326713,0.05025362706783018,0.12388912682691793,0.23201709168144385,0.035553724,0.15571296643289256,0.142693666684512,0.1628332619519246,0.2563922382815617,0.24623701326125497,0.4061025820181208,0.3459394496991487,0.36033145755699864,0.32247719772342315,0.39200238222176564,0.41220999328288116,13.52141931267095,0.40179502618472396,21.898357887290018,0.7930939451767094,0.41668277924765007,0.3450176363814377,0.36165411923043217,1.038797469878148,0.25863266,1667,7.690516596764416,0.7966854,0.08998828699309495,1.0502671519277444,0.2064697,B_0007,17,934.2435484462374,1.9032731055867649,0.11091577,0.021296969,27.936733,717.4830774135661,0.017661900756938603,0.10621805654396066,0.030446393,0.1920610403053633,0.16157222455845244,0.24931362004269908,0.12049043789637492,0.27214142261261054,0.33440467694438947,0.4174241434794657,0.154118400364927,0.3921067614852621,0.19889186724152458,0.39755669683617395,0.35395074943083693,0.22424745794355141,0.42584584514274215,1.4125600065138701,0.1706564,4120,5.742295713581837,0.69246453,0.08361108238036838,1.3516482473052611,0.15195133,1.6263174832309075,0.13964844,0.1893717316506639,0.1658295241407579,0.22968111468567953,0.37420209628084733,0.39679470959666746,0.2240724512114411,0.37216349523693454,0.26148292223395525,0.4058403352090067,0.38384068192745047,0.28306276189699475,0.41822115826891754,1.3110967553234338,0.19106846,1.2719847512079183,0.16460055
Control,0.7558070452948755,0.43984383,0.0561278,29.57205,129.84275980430212,0.05548418089194745,0.1257038162481008,0.45135135135119453,0.036580652,0.14409241219054425,0.10873961033157564,0.11815734203235317,0.3013083660790724,0.1862678450033988,0.3923294547938593,0.27952830135165085,0.48150078203145225,0.2343110928617813,0.541504721874256,0.39120529963565304,14.426973311589125,0.3901952296866782,21.751100110253255,0.737970444227598,0.4448014221381766,0.3394236573076622,0.23131084279448966,0.9867585939628688,0.31160602,1019,7.847953952419398,0.8590594,0.09127125562062165,1.0755514252027414,0.24028423,B_0008,9,287.67557561432204,1.586073688772326,0.07711795,0.019919159,25.48983,157.83281581001992,0.012370413940151459,0.14186456878170722,0.029436499,0.17490901404308512,0.16198257481067568,0.24392048378795672,0.09239905298818839,0.3106201171874996,0.3702306628589017,0.3335699927823311,0.12246315467428319,0.39470382294613393,0.15577637384766563,0.4991663652367409,0.2433189287644235,0.17941426495817905,0.4484126712425933,1.213270776515661,0.2625514,925,5.860631676956314,0.8268444,0.09496973782826218,1.3044081793767117,0.14607611,1.2502971135271037,0.24083471,0.1514547196450181,0.09838896732553448,0.17961879790238,0.3988591845821928,0.3235138100733905,0.2896058626575537,0.2813018966444523,0.379620760877338,0.4404414263278234,0.41868639296556165,0.2523485686189587,0.3389454024001774,1.1048710055528526,0.2846923,1.2121685579581392,0.18859708
Control,0.9114426059604989,0.30246478,0.04620242,35.359062,216.1802459910934,0.026511084867679426,0.08778316066348167,0.32545991369515875,0.035416942,0.20143995920339253,0.10268264533791405,0.11306967631112785,0.15927868991737626,0.15312176922731138,0.2031659574860939,0.32585101927165466,0.29840756235047017,0.26771309375280394,0.3997142080818229,0.21859229335658176,17.98020699676311,0.46661565784440523,21.998250544619907,0.8326014608639212,0.47180430615358654,0.1793003340277143,0.18676849220546196,1.4704326098554914,0.15014283,1703,7.877685549813723,0.8366334,0.08390372300467462,1.1346279575900546,0.18781824,B_0009,13,664.2300230975466,1.9021986673159856,0.10354307,0.028470105,30.337595,448.0497771064532,0.006241906241906242,0.10132252007252007,0.03791609,0.1889763014763015,0.11250647500647504,0.20425407925407923,0.03936337606727369,0.2184788560357172,0.157576511787207,0.45692358324553123,0.06841406768550143,0.36469741951440704,0.21900969624124178,0.29318159182420483,0.4249581571061398,-0.0025342129558282105,0.3027515841672457,1.5958757238706982,0.16652635,2625,5.85872403944023,0.70692366,0.08311386542075537,1.2978821751652514,0.17468102,1.4505751557411177,0.16828416,0.16808906514788868,0.08430986739810264,0.17406947186358956,0.17307807498382913,0.38376098732986136,0.1532855079603931,0.33396713529210625,0.2974525084075328,0.26340728836344124,0.41238913901867896,0.044630391767628896,0.26952983103372913,1.5640498520556894,0.16119418,1.2431061447111946,0.17895658
Control,0.9450950298689607,0.37573364,0.063652866,24.001648,168.7990690958422,0.06203165818781796,0.07808418121820432,0.4608706672579694,0.055885248,0.2858174068472432,0.1416196892616527,0.13715110683349374,0.2359586129551578,0.1921193901653423,0.28776428668773835,0.5229635555575323,0.5356800162363862,0.3738073587434425,0.6934239223033543,0.2778782735468558,11.196022402287126,0.43741722869274563,21.02969434555865,0.8049626241480698,0.7129473411723165,0.32670057508514017,0.26623685650614914,1.2258718326234415,0.22327903,1158,6.860227406478259,0.84851813,0.09005721296342212,1.0631422796072278,0.2859886,B_0011,17,366.2612552456326,1.9416541541407104,0.06761395,0.0202822,27.324358,197.4621861497904,0.01195198636577339,0.12692465914433473,0.030871378,0.2651732193229901,0.1798234015044664,0.24937926069581573,0.07983720769814433,0.19358390086537944,0.2602160009243182,0.4704805836800521,0.12283793156034456,0.2817107562780966,0.3056722460057245,0.34910282270018483,0.5783842351961545,0.14633127873424465,0.3349853476870385,1.5063833713798094,0.1901719,1152,5.834028390253591,0.7738747,0.08837121388486752,1.5534664243599021,0.12614438,1.4390799227408952,0.20961727,0.3046582916165008,0.16216098472847096,0.18788020404283634,0.28858146312447147,0.538105128705553,0.32095727535875196,0.29962885559585273,0.5464384795751915,0.3064124045077488,0.7000644657273244,0.23742654180011985,0.29196845164074653,1.3685820370874262,0.20542996,1.3208662200512855,0.19981185
Control,0.6775322982876666,0.50104487,0.057971638,33.032784,93.88041172730397,0.0382725587144623,0.10030902348578492,0.40011870023228413,0.046665955,0.07256644004944379,0.015582509270704592,0.12365574783683564,0.19590707358500878,0.24271880750143998,0.2795445616666894,0.2728620086274643,0.4145939841665588,0.3288623346891615,0.4531655749901841,0.36634709702143375,11.621907582805303,0.47558499956315714,15.545284390656654,0.8369670280511035,0.1490074511056388,0.05627876755240516,0.28124067401074443,0.9342071761497622,0.31770068,846,9.011464526343254,0.8942463,0.09330213435887288,0.9006642072968196,0.2756212,B_0012,10,234.63140231327057,1.364813312332524,0.12139894,0.029399639,23.716627,140.7509905859666,0.0382502679528403,0.11619362684475225,0.050922215,0.1722112292851843,0.15177467227306451,0.23168645395333498,0.16264296451212318,0.3677680599861095,0.40928071826456736,0.450775018473593,0.21379174632876116,0.5077554451025531,0.23510336203138574,0.5098707658934665,0.31880149521153694,0.23275010557591452,0.5096409892319061,1.134085494048281,0.30140653,934,6.635832516069409,0.85627645,0.09328734107271336,1.0759454860957773,0.2926091,1.1405935809169052,0.27330232,0.07520154310302196,0.057696349967852,0.1882542410603888,0.3203992974583894,0.3077084855485728,0.23223772522926642,0.4270214123321465,0.24886189815526094,0.4569548530437058,0.14873076426195386,0.11522469157715542,0.4365836393943939,1.05432737170989,0.30792615,1.0151707104162446,0.2858119
Control,1.0171805694662472,0.30708557,0.046815846,29.916552,204.2276101345887,0.028804903687709528,0.10488877208932326,0.35435417295876265,0.03356173,0.16603216091823403,0.0885668219785215,0.19122180237513497,0.18170921281815952,0.2565544465961564,0.27378094661957725,0.22695978677173415,0.29657841358929543,0.2837555386357176,0.3518304410368315,0.39980497091827566,5.798934844112826,0.4557566960641189,11.558105827416336,0.8261229289857974,0.2917716450333956,0.18186236511107898,0.4577599220557958,1.1406603516426743,0.23578036,1559,7.633639736428561,0.73410845,0.08911489232828787,1.1867832069494484,0.18722926,B_0013,38,576.3375337993265,1.7841362970281394,0.06865879,0.018801374,29.894096,372.10992366473783,0.0020348655897212,0.13910957088504958,0.025072604,0.1669408407659203,0.1162407222603381,0.24985186802220416,0.03259997432441104,0.22383838732206118,0.22028647201642257,0.1196334500443739,0.046191482908762654,0.22322510642875235,0.07738427989928673,0.4726532225740032,0.14553935432359305,0.05985288573119357,0.5446431979693236,1.3536781868541075,0.19264299,2234,6.003602317287782,0.6522148,0.0859253128987299,1.569527638209242,0.13081844,1.562610951572589,0.15314631,0.17768045907580787,0.1024765931742676,0.22456709956709953,0.26837529433327634,0.1947340722273687,0.1492753642250793,0.250989750166209,0.1975991876723856,0.4442099770543204,0.24731629123649634,0.14220472484995797,0.5157131247536718,1.2720989683126076,0.20792894,1.4135367035656006,0.15080784
Control,0.793409020047076,0.4089754,0.058444526,29.702948,163.1360726900419,0.041613316261203584,0.07370358514724712,0.4212892205339198,0.038363677,0.13356718594394645,0.11375640204865556,0.14753165457390804,0.2415578633578844,0.22582277167356335,0.28758882739138125,0.26625276666589376,0.47243951926004474,0.31476437010023905,0.47512280471956386,0.33716418039606577,18.126230298893546,0.44985085746514397,26.039479893306066,0.7856416067610319,0.2846751659413074,0.27512781055683594,0.33129954948288887,1.148615512844555,0.23423624,1272,7.797171888623413,0.8408249,0.08845639888755713,1.0832154600275452,0.20857804,B_0014,9,387.23058824825785,1.7897078893627685,0.075963415,0.020269088,26.227468,224.09451555821593,0.007320956967531459,0.10138975195484438,0.038973793,0.17147286520635907,0.15931334472580394,0.28808386411889597,0.05024703037948066,0.39446114521267944,0.3198605719047599,0.38314595638300636,0.07156713757873161,0.5270575226747152,0.10033283130199888,0.5158346439473218,0.2304384993969264,0.1368985558396678,0.5778569230228713,1.3164166269725817,0.23559518,1250,5.578003535185641,0.78866225,0.09116032849975901,1.2408933627509775,0.2192192,1.3248801604808385,0.21625781,0.0905368755431688,0.08393081902364474,0.2296274236566873,0.29089999675413825,0.28371794434912856,0.2555219581007047,0.4348361013929034,0.2639982148441228,0.44096650589066383,0.17693239572022754,0.15872659881709503,0.492862908186022,1.2489513124956841,0.23502266,1.1813884438581403,0.21473621
Control,0.6807747033642699,0.4454071,0.042288892,34.593605,60.92362936567933,0.10413095238095238,0.07802380952380952,0.4422169811317545,0.042969406,0.22902380952380952,0.19415476190476189,0.15589285714285717,0.35766959845162466,0.2949757714868648,0.3950331477763529,0.46526813072410533,0.5539671850881391,0.44259077357168464,0.5463296433459166,0.37787110753279085,12.184725873135868,0.3873706892426302,14.48028039126458,0.8557011626304138,0.5608641516015033,0.45073870581457387,0.3481469304810519,0.9675992936436487,0.2714629,516,8.46962016825997,0.7518206,0.08619893195363262,0.7441402931517479,0.33051082,B_0015,5,137.7686338722562,1.4174618032043411,0.068351455,0.016097233,28.525211,76.84500450657687,0.0024067502265176684,0.1524652672908487,0.05028884,-0.05523255813953487,-0.08909694956206582,0.19756115977046207,0.014794843328726432,0.3771736183726417,0.20135146592611927,0.26990662957635125,0.032725334113536106,0.4900076037298827,0.06685502818702867,0.4806754634189685,-0.08306162396167485,-0.25170297452055884,0.4802469804622417,0.8709648687898831,0.33363023,624,8.120241569454032,0.7394573,0.08889624269960447,0.7724455164975756,0.32568628,1.2103340436325425,0.23509185,0.10467381233153639,0.041236733490566,0.17839243598382748,0.3456537109439279,0.43648066998732893,0.2693237320062874,0.4679677103370166,0.3055779238346566,0.43918958474905756,0.2513474600130336,0.07700091612336014,0.4218392692783289,0.9155572763880127,0.30613875,0.7599085818088979,0.32781982
Control,0.7841015717462598,0.45497724,0.05678981,33.04303,118.12221396442857,0.05106714804990667,0.07608188427153945,0.4182176753357327,0.045822088,0.14889109932213385,0.09423813734158559,0.11717138225758916,0.24430036294443044,0.20374724467303423,0.2962681032013468,0.36504800157501943,0.5206913718814218,0.34738942037454074,0.5633923800038518,0.30206062452097954,9.08632415110989,0.4311074406503896,13.72155925450045,0.8459068919383382,0.39288885916391564,0.23309090899914306,0.2232143404290222,1.1666574452452125,0.24563384,857,7.255197572383398,0.90124035,0.09442830783611023,0.9300412767682711,0.26472345,B_0016,13,282.4419457392894,1.5811917871829566,0.07499047,0.020593043,27.36695,164.31973177486083,0.014742231638418079,0.10783456920903955,0.043512102,0.12123940677966105,0.12996115819209042,0.21209392655367232,0.10458939913439365,0.29124091973344507,0.29707422460247274,0.323779823949168,0.14003664887460854,0.4306288583582518,0.1485020815948334,0.4047171300774062,0.16608193416976463,0.13371418912973618,0.4246034047629196,1.2935720300451903,0.24207872,1093,6.651666164456047,0.8429935,0.09157203448319469,1.1847913275978808,0.21893236,1.3283251177520075,0.23390764,0.1355001232589671,0.09662219072270839,0.17039011463083942,0.29097647328394444,0.37324940020048547,0.25526083306825537,0.4000798675430571,0.3030443416264326,0.3566912534007444,0.2731404163319249,0.1403473005175238,0.34627957021351835,1.2412320154606284,0.24356551,1.07088945953454,0.23808302
CHIR,1.0858233189738022,0.2106641,0.04327462,34.913887,523.1308974866332,0.010504935669920142,0.08204580745341615,0.4027481216106041,0.03314106,0.08709932342502213,0.11956244454303455,0.18329497559893526,0.12172855385303652,0.20348510994187946,0.2037570028405402,0.17328567160082778,0.2200120991768656,0.2869510160069325,0.1862129261885292,0.2916374674953296,9.511470863393333,0.43872089012987187,18.48381393456395,0.8059238694157126,0.08702909524037418,0.15939230968210957,0.34286534529739815,1.3689778883436583,0.17062283,3932,7.516283245532667,0.69488627,0.0809878775899543,1.323594287109088,0.16590106,A_0,55,1298.903382577115,1.8858647409635638,0.09118391,0.027020814,29.814043,775.7724850904817,0.0017352021660109796,0.048987674081165576,0.019090079,0.20186777310735815,0.23735807990905144,0.27628887376404243,0.0867114093959731,0.17955964057891477,0.16545840064714462,0.09624463723613728,0.15018406103050477,0.24108936747656484,0.09780004828955559,0.25455859999838104,0.11433127003657548,0.2139792137022675,0.38058181265113095,2.0827171670452103,0.08207971,3751,4.835180509865622,0.65878385,0.08104380822177149,2.001540329233409,0.07533139,1.4741019434233094,0.13930438,0.16469298049691328,0.19473827625948126,0.2446585396360258,0.1976073033874088,0.15163212394385264,0.20564107767822123,0.2766075076341597,0.16767075741047396,0.28578640232654223,0.15973485481871108,0.23315421068570152,0.3912252972544514,1.7263110746638528,0.117740326,1.6725523280201762,0.11180815
CHIR,0.8587450781506676,0.40567175,0.053089187,30.081057,132.04761496229813,0.014967264258722208,0.10309561472888655,0.4808976417883466,0.030380012,0.13520520256613056,0.1239069777660603,0.14464693734071532,0.2655265223729951,0.15139591530822533,0.3378860840828935,0.11473490137833182,0.46506228370249886,0.17127727337867124,0.43707195461013487,0.3984545630726323,6.949874471699902,0.4338133808131399,13.263750482132085,0.8102051871188698,0.16122262170593749,0.254998848302386,0.3766023142734081,1.0421921373493706,0.29000732,1015,7.686621225904243,0.86974764,0.09315169381136637,1.0656669482431524,0.19500393,A_0001,19,274.5856986763246,1.6535390961911074,0.100823,0.024473542,27.156,142.53808371402653,0.006548685174631605,0.15754498086786617,0.028094975,0.11582573475535296,0.08854209069445573,0.17822396808597252,0.04082640415432151,0.27431296273058065,0.29936984961572577,0.34320141879118443,0.051362637961036746,0.37740856416813906,0.08221818464011242,0.4173573598700634,0.16327197990951156,0.05734717064285106,0.39009200911633707,1.0913228043003869,0.28177243,1027,7.2050919532477,0.8544485,0.09291947863318603,1.0524179780905394,0.15247756,1.2521872584425324,0.247424,0.1195614276054433,0.0854746006254754,0.16035468261347308,0.3346617981208567,0.22403108260994567,0.2661020292887035,0.24631359284108595,0.28600753720416566,0.40886554650185475,0.1929339008388313,0.15941429336711332,0.37823019079561837,1.0674791745394057,0.2857326,1.0754359224969445,0.1729284
CHIR,0.9604042494708758,0.3330195,0.061273243,32.55764,130.42298484588,0.020030696681199396,0.0999532876590444,0.3030033430388598,0.035848327,0.09733962096271909,0.05919120918231158,0.1050805231782187,0.16559325231075997,0.16226562765848818,0.22618396754569997,0.22049903517939298,0.33051516560986366,0.23939598643988297,0.35923643767179214,0.26412857930646677,8.1514365528675,0.3938215114417546,17.273066634245765,0.7479057382224666,0.21156167240561272,0.08774148567929191,0.16264253136434131,1.225934831931362,0.23839277,1012,7.759368497777428,0.8401039,0.09022317046705333,1.1460452641736483,0.1888047,A_0002,16,430.4341448441482,2.072711224328455,0.11069177,0.03178066,30.117922,300.01115999826817,0.007557150040614242,0.0629472401655514,0.026805557,0.21677368197114455,0.20475380033265,0.24662031485707658,0.09589868010169127,0.2233604605632161,0.20670529737189888,0.29702270117479845,0.16247060768855995,0.367109972246823,0.19298768024654334,0.28571740023206116,0.26599142235877277,0.1671864213514001,0.3750381607374288,1.864507860019077,0.1294445,1367,4.556497164996914,0.7508946,0.08923829026886437,1.5698946347657587,0.11815337,1.5697490161703422,0.17805782,0.17974900248031922,0.15850958427693307,0.20507285937668496,0.2287719898029083,0.2760665957951749,0.25717083499004184,0.32151174679947764,0.281581209151776,0.2817301947061661,0.2826058694142092,0.1914255329993058,0.3161330526342272,1.6167676601330345,0.16245615,1.419052212264363,0.13956097
CHIR,1.3141864086401445,0.14361969,0.030049302,31.199892,335.10317051289945,0.01813510752501991,0.12203483741385877,0.20005680873467738,0.02890701,0.14122614883817575,0.1345166568549364,0.15764276067458527,0.15420419043857847,0.1872250998565298,0.3052048120532602,0.2558031591941231,0.2079496408405588,0.2641729719325923,0.21402863997339303,0.32583137738384976,12.888583481265364,0.4810431519727628,21.93254661639613,0.8523121860801576,0.24174947875911093,0.23014919630742942,0.3066399278008536,1.229262950847755,0.20862475,2384,7.114226930023985,0.76562655,0.08567515229779697,1.19592080990796,0.17124179,A_0003,26,1675.0400680304035,2.085121886482706,0.087573715,0.01957507,32.550076,1339.936897517504,0.007846397672062147,0.07539004650679415,0.018482797,0.25824748629478556,0.26430928317181535,0.2580039102081114,0.1365183765720198,0.1297581069292712,0.26520319826726063,0.2163826356304816,0.19393997349962216,0.18363537579056732,0.21852993717761615,0.2608273009610545,0.34158353616833814,0.2920942960233782,0.320343360460403,1.9518816299994113,0.08860143,5350,3.992725336477804,0.6398704,0.08179907555021969,1.823491646003697,0.08356041,1.8748476658862738,0.09878613,0.23726652995621567,0.23858456187995347,0.24400563930610208,0.2755475816068739,0.23292665626135353,0.20021754951595583,0.22428267074885533,0.21892798763239632,0.289776823519063,0.32987606602973046,0.29066194489931213,0.34986231564269443,1.7623486593869433,0.112612955,1.6607825957361382,0.10110165
CHIR,0.8788747810671214,0.33892825,0.060186226,27.879343,247.89534676374132,0.02409652654245857,0.07851266267203445,0.4848168489854256,0.041504905,0.0688254845051961,0.06672479168617174,0.1995716693193521,0.15021309728710752,0.2955918856458099,0.24304048935599903,0.2558755361035847,0.3037946386864415,0.39659672146073593,0.31222318844503366,0.369133069023271,13.047123513881122,0.34439936769629736,26.189952696423546,0.717942135538978,0.16148218875651485,0.12517450946549963,0.4641354670923016,1.1311835220374507,0.24700028,1791,7.224822988332269,0.7495934,0.08814472989130526,0.9763219889943688,0.2399836,A_0004,19,511.3175156401072,1.7137133800235063,0.07918622,0.020727647,30.769833,263.4221688763659,0.008805066079295154,0.05860958149779736,0.031660773,0.22409691629955952,0.22023403083700444,0.304022577092511,0.07546974078348473,0.3366177357731748,0.24346375069761528,0.3298442620903141,0.10642603453589924,0.5118967868971774,0.11788076282936878,0.3744608838414466,0.2669693557771782,0.2036705306334503,0.5719477673603774,1.6420215293202998,0.15061305,1375,5.219758101091402,0.7237187,0.08865836922962333,1.3174102723838115,0.17198674,1.283947176175494,0.20511355,0.13370080795243067,0.14645130724887656,0.24847516000181558,0.25783421432493636,0.28954594775165254,0.24813041537488204,0.44917978331067504,0.24258071443169807,0.37695019377001726,0.23000487295258246,0.21026762244554267,0.5274164904275339,1.3566578198639077,0.1973432,1.1361026401833907,0.20495279
CHIR,0.8285352657646263,0.41954762,0.062881134,28.502071,117.42594391453508,0.018430674967882203,0.07390799486115229,0.3430402061155687,0.028216464,0.10228283427216123,0.11543877853542839,0.1761167111374642,0.21677195925379766,0.18896629822013197,0.2569968943186694,0.10942683820886845,0.46540287206009806,0.2015230840089802,0.44985622827776833,0.34446924412466656,11.7008181884599,0.45448374054894014,18.95466208359598,0.8082703788246306,0.20529761288339812,0.22490167703455552,0.3687262472920164,1.2528369208150048,0.18544239,912,7.766597138559047,0.87598836,0.09146714187091903,1.1954747875814602,0.156743,A_0005,11,342.30956552929695,1.9672029215851692,0.07833757,0.020937243,27.51404,224.88362161476186,0.0017673770576397132,0.10580396305278911,0.037111346,0.10873561587285208,0.10971605862015588,0.3121613602353063,0.01724324803673303,0.4638882352428509,0.28095710622467845,0.2723874833953123,0.02969489777496505,0.5696838269111062,0.039589437950944294,0.5786176875365795,0.06895288819702214,0.03002877150638195,0.6551191924409461,1.2450789555990682,0.26587328,1308,5.816341762051907,0.77410483,0.08874725732023368,1.1685196648940257,0.24824162,1.477075808228253,0.1953863,0.01563877212014375,0.04742270662417791,0.2853011221099736,0.2225775798189191,0.1456467831266459,0.16121069160927592,0.4677922658005145,0.1511869179887949,0.5133893955965505,-0.005580559802662197,0.012022387322978821,0.6078241185573228,1.2726859986001466,0.2382823,1.2131626176247092,0.2168539
CHIR,1.2861355876225806,0.16897914,0.03143946,33.05241,291.98084542283004,0.01630747982989547,0.08823923929891499,0.19695499021525087,0.023004623,0.15606990978101032,0.14211974881761458,0.17991137077222685,0.12901577876950646,0.21442238297443797,0.23439525413663834,0.3043545803095152,0.18681551161163293,0.33654433357320745,0.21402507512630387,0.28391182084052846,16.221158079046113,0.48052640210412206,21.839993831828096,0.8207692242142421,0.2940288799693703,0.19024257283791857,0.32833727761051906,1.405090432233185,0.16678748,2161,7.401170432498141,0.7741501,0.08419229545757695,1.1944289029021695,0.1175933,A_0006,18,1482.4749812315306,2.0743878266723743,0.08636335,0.018636284,33.572807,1190.4941358087005,0.010586539492538186,0.06501976332745225,0.023108693,0.20162858591077015,0.23000699392722412,0.24433236019456273,0.11794463552457445,0.2092822995747186,0.24483074407735247,0.30645046390819963,0.16351221512161926,0.34278205311641524,0.16414882404924339,0.26452742763741155,0.27692379274390366,0.23891936835750915,0.3627692568587085,1.883062343183125,0.10300574,5467,4.592210776650166,0.65206826,0.08045845134274034,1.503893398437535,0.1017427,1.8526555618623264,0.102635,0.18669471624266143,0.20846526418786693,0.23096135029354203,0.2438470961275635,0.2994832551275032,0.17268792987423506,0.3360024030199006,0.17605904726312244,0.2677506915663131,0.2815541263718412,0.242392870304147,0.3553107936929853,1.7664090006562112,0.11556787,1.4375914127725924,0.10486455
CHIR,0.914855675980909,0.26858163,0.039518926,34.357716,145.26514140944266,0.02048050806838153,0.12606846141556158,0.2578054205453039,0.027687702,0.07080304361719125,0.06822176066464292,0.16140258028439047,0.14191317495205144,0.23402491998170977,0.27501829789423055,0.2482389583267255,0.2037854748576545,0.3063748811684846,0.22912829652412342,0.3603143083540381,10.376081529245905,0.5198322318858424,15.97027349745703,0.8526036762616191,0.1729598701528505,0.12365162330098925,0.3386146626945832,1.1283044928941317,0.23967266,1216,8.370900191201132,0.86288935,0.08950469756803174,1.066129147332353,0.16010268,A_0007,14,563.4681423771287,1.656184042117999,0.14761962,0.032658756,26.69004,418.2030009676861,0.02042808979410622,0.08298011820855763,0.028877145,0.19345725345468667,0.19129113713302626,0.24996358010988406,0.12792288034936586,0.2932981284460665,0.30668809716417705,0.4339052942411553,0.18709395693358719,0.4691875563392296,0.22675825560947213,0.37331317438935335,0.3433160770018664,0.2163888827018014,0.44587238261421214,1.4833265298247043,0.18024017,2275,5.439941833835004,0.76994085,0.0852979370938971,1.2187959097509622,0.14903817,1.4007241383201274,0.17880428,0.14394719499135022,0.14680986901721726,0.2237699769338496,0.2990023960534264,0.36507110178353974,0.20843336705915408,0.4182112908195497,0.23936541406348527,0.37223915051300405,0.29991929878481327,0.20735942901041007,0.41954022422399023,1.377601482018997,0.19556221,1.1781631729128639,0.1518907
CHIR,1.0287167023047763,0.20660767,0.03755981,33.36687,122.34625226711566,0.027541970976003034,0.07056222137911411,0.17067603444924123,0.03880188,0.10806933510386041,0.09262069619652846,0.19810537797590821,0.149181795978181,0.30070390439053984,0.24803615912179344,0.33184672272843224,0.26559666058383014,0.4641241038864754,0.2797190517949299,0.35705667163600796,6.7970140148397595,0.5141166936363456,11.406433450133692,0.8490907989337928,0.22395910369417205,0.15166709224419678,0.43396956835183037,1.314530684692862,0.21113662,929,7.593203574155889,0.8609784,0.08990815381111184,1.0776902352848448,0.22425556,A_0008,18,716.8332253669988,1.8947902159756909,0.12570298,0.02655007,28.192537,594.4869730998831,0.00815944094165414,0.05630843857971071,0.021806192,0.19546667902945603,0.21889091139784111,0.3145117999570556,0.09991766961683868,0.3152924684592836,0.2082098741238261,0.19480863627924253,0.1846325843430306,0.40860683583064805,0.20284175589726983,0.4002271092059615,0.23495798143716506,0.18592214839769955,0.5535956547632087,1.86913199917826,0.122792706,2588,4.353333406962207,0.69134533,0.08473890920524241,1.7248183765190603,0.111827254,1.6914375873861467,0.13951147,0.1844221491938095,0.19553458686783654,0.2953593456582271,0.22188446892011218,0.23670648333798092,0.2021018737586369,0.43038003975191963,0.21891855791133666,0.3921451615326612,0.25051219534740043,0.1930915998201758,0.537328837984305,1.7458719708575596,0.13787091,1.575577621040783,0.13101605
CHIR,0.9974456601371209,0.29399338,0.04329476,33.854416,168.5205610758848,0.012420809805811872,0.09497658724693568,0.2867920056876042,0.023873331,0.13224332047927279,0.09906521140338798,0.16669966258091173,0.1472659227155352,0.20029435572889806,0.22982974305433945,0.1895456689371782,0.286006609736078,0.2670807915725473,0.29735832712246335,0.3157463421917899,9.912974180934402,0.4500843539001648,15.255698024778951,0.8230983230954213,0.16797317252088118,0.13409970009856492,0.32808784866873525,1.2916732328169527,0.19675542,1305,7.743862183152738,0.8344827,0.0883629071199401,1.1584407335772313,0.12978603,A_0009,17,587.6055041067693,1.6681286898216703,0.13211055,0.03008037,28.497484,419.08494303088446,0.011403126211441546,0.09542178933377637,0.024396248,0.1817681508556238,0.13899388048956085,0.22300215982721383,0.08255478697734271,0.2642250536767895,0.2285325280177328,0.35737866764623266,0.13813588968846285,0.3971440665755121,0.19871633835132266,0.3627947304228785,0.286944838472202,0.11914203171377828,0.4342936471301908,1.4593311873929034,0.1815441,2549,6.082299167239571,0.74109775,0.08365360678423013,1.2671345339163094,0.1294112,1.4242546064342032,0.1785373,0.15447877991942494,0.11845944584880319,0.20625888695789552,0.23112591664562787,0.2782558207589442,0.19021555267094323,0.35358927838014687,0.23267168892560824,0.3522381670704623,0.23400702390710604,0.12506110704259085,0.4063525720626508,1.409172891339116,0.18590656,1.236814749593657,0.1295187
CHIR,0.9782303512857606,0.36433756,0.062703416,29.90233,154.29344305639475,0.02457976083032491,0.056234017749699154,0.47336941042423525,0.035017673,0.13781870487364623,0.10801180806257527,0.21180712244283995,0.1651968302658485,0.2130537769717602,0.20636551959429167,0.21040382673003946,0.46514680380239276,0.31272967997470363,0.49683975749860837,0.2979408283931565,10.286229537092982,0.4419626437180441,16.424512482309332,0.8320089094365505,0.3062032620327234,0.19813436001574652,0.3825182217308125,1.5896644020459527,0.16545144,848,5.4960209792551185,0.8736489,0.09281978991659029,1.2582060266837942,0.19367768,A_0010,15,325.94721935680025,1.405961991969265,0.051980905,0.012692858,28.803614,171.65377630040547,0.014526433207138994,0.10663703353163873,0.038899936,0.13487020010816653,0.14882622363439701,0.18494371957815037,0.127605629744875,0.24470918343082673,0.2999626749926784,0.29106540835663547,0.16432022852842032,0.3778283994871478,0.14470687296426216,0.3526569809933884,0.16508605623437053,0.19074360868583984,0.37794997797887264,1.3074027764191405,0.23621981,1145,6.670403789984249,0.8468542,0.09039048517839837,1.122212330659974,0.21662237,1.4782091012104526,0.19984102,0.09527422742808311,0.09789100327542011,0.20023675590999712,0.21074049662958036,0.24078421158981592,0.19794350291300342,0.3511625591505275,0.23929232034351094,0.3299963928068157,0.17154412289435972,0.06472060002065573,0.3811880462356783,1.4315922752467614,0.20272015,1.1841175997939166,0.20576108
CHIR,0.8805226643250257,0.28318512,0.03512502,30.958807,253.04774513295305,0.04124438228010639,0.12676270292580025,0.3383607981875847,0.025802892,0.15971808217921668,0.07678792534164913,0.2008506832981748,0.1863439420765498,0.3286848315812055,0.33208815130401154,0.28466186009621247,0.24844941353082156,0.334379559447577,0.28576030007213876,0.41835213746840044,14.058208062941837,0.49501157162794107,18.230060756003258,0.8425095439791138,0.3200257896604765,0.19618316155317334,0.5248661021776473,0.8879568303455976,0.23618856,1626,6.42566484496847,0.68151474,0.0940828811233312,0.783559696834727,0.19607192,A_0011,18,747.8636605905848,1.6738711938727167,0.11716085,0.025495714,23.964277,494.8159154576318,0.012102779080675422,0.06298516651031895,0.031788435,0.16527761491557225,0.11905194652908069,0.29311825750469045,0.05169885056394058,0.490113059288207,0.2525578259215988,0.47664605468007926,0.08457006688326664,0.5952062293880691,0.13810428791480941,0.4695156551530082,0.2903663789438826,0.07855143802611779,0.6855278790301476,1.133642813760068,0.24464451,2286,4.619899903351583,0.5664163,0.09811658387645002,0.9374353834589925,0.21959895,1.3238234692553537,0.173337,0.11409067281134588,0.07813615274803709,0.2634860968873165,0.26523895087453103,0.34684909926614815,0.16040425600332991,0.4890524255647764,0.20422803297665734,0.44197570366973665,0.25281240241027797,0.10166717113225221,0.6492546485049264,1.0608499738737667,0.24178338,0.8983732231315262,0.21163839
CHIR,0.8142706484116184,0.27360964,0.037582632,32.89187,196.185691058319,0.048196646161126226,0.0644704542765882,0.19692945671417275,0.042045478,0.04282133562048973,0.05959792381403051,0.23073908671477583,0.16969574921545907,0.42325989670279685,0.31473365786152974,0.4017678180543767,0.25435965846404224,0.577464245191293,0.24603296819105966,0.45002418794972004,12.23186915776407,0.5060655185245116,17.450597928648396,0.840057759034923,0.08203228696486821,0.11000581814012791,0.5223761840655337,0.8610733550409814,0.29238644,1741,8.874245571159292,0.7516766,0.08872902365262975,0.8093872209295709,0.32909408,A_0012,17,996.2231873875885,1.545661047331386,0.1509775,0.028178727,27.657545,800.0374963292695,0.004091301383771866,0.07099627222883004,0.02439272,0.05957634678425339,0.060908988715151824,0.3088792028081576,0.054902440484401134,0.4845645724503798,0.19575566179869663,0.16951991801038999,0.12373042262235188,0.506111504515114,0.13414469227260503,0.5205770799221007,0.04097270229708053,0.021284792674513373,0.7089294285404749,1.2142846958487372,0.20391376,4986,6.23220789385014,0.5616937,0.0852010088061577,1.150351958940158,0.19081394,1.3498862924846224,0.1751274,0.06858197045941661,0.06304893532755573,0.2992207156835337,0.24633042597764995,0.24638549242500113,0.17166815900709648,0.5234664300887117,0.1835553497154083,0.5140258229860173,0.09546807687003223,0.06606382625774355,0.6717683682550872,1.1336240088894243,0.2213366,1.082279796272242,0.21804538
CHIR,1.2763730329550218,0.16704953,0.030323593,27.544504,259.08208556536323,0.0032109423989966856,0.09796873600286661,0.27097290999123297,0.022602802,0.08667584878616863,0.10613186419421305,0.2392110095852369,0.10069100747570152,0.3087301954970811,0.23406114081643545,0.08181423263785259,0.1525987150052796,0.30369665014580904,0.11075122268029002,0.4589096612634042,6.990300392804432,0.5324976932193449,12.328689365698656,0.8565861372300299,-0.011018404986070911,0.11894903900014911,0.584936088316964,1.1915879459965089,0.18379577,1868,7.210070105476303,0.7001288,0.08969663113272351,1.3848769321767005,0.13845712,A_0013,38,956.1180325137242,1.9908133094364262,0.10711941,0.021869935,29.48361,697.0359469483609,0.001999883461525655,0.0676110445176972,0.023324262,0.11353864915259881,0.1173136633036993,0.28286384976525825,0.047080037273545046,0.39925143996951956,0.15819918195146523,0.09610077933556407,0.0967905260383475,0.43600883467710855,0.08922725635926891,0.45818844073701875,0.003622811900872329,0.03650012512156655,0.6530523818687995,1.3819375856726577,0.16718733,4297,6.164674890601764,0.58246213,0.08324681540737974,1.4001153067398806,0.15551491,1.7420868233061673,0.123358846,0.09950526143314886,0.11293041193319742,0.2692585445188853,0.1807790749946927,0.09085840512466432,0.11431344918317105,0.39762733911649983,0.09546266601182733,0.45695422331261193,-0.004437901478342295,0.06149894500184858,0.6347036425503118,1.3277821320443943,0.17168778,1.3993267972360188,0.15089266
CHIR,1.2852776583639145,0.15567213,0.027963942,28.6935,282.82489426673084,0.031852638273428525,0.08615162891843099,0.2032287115172797,0.030634517,0.16600504677498773,0.1502697767930412,0.24154767766289187,0.19350730407206218,0.32149256965686207,0.32640468085608343,0.3210698519722021,0.24035945874748518,0.38149719430763995,0.23743085132545924,0.38040106524054035,6.8783555904517515,0.5000125177524107,12.441389926870679,0.8418823892795637,0.2846689993497815,0.27743655811754747,0.5123125125084692,1.116456746924172,0.19966015,2148,7.5948052789634275,0.69141036,0.08762050866320067,0.9906588141387371,0.1915944,A_0015,43,1391.6581577237578,1.915559034794145,0.101725206,0.017968487,30.339539,1108.833263457027,0.012138678415941058,0.06841562709310114,0.028402,0.15281666003851302,0.1386646799648359,0.27523364241460146,0.0853964939504633,0.3552583315552635,0.23314655806801957,0.35242621705611576,0.13067888300173272,0.4703484328007343,0.1550206255082168,0.36462801840581427,0.2510914824917821,0.13529058191952464,0.5801665901011607,1.424872336810005,0.1531439,6305,5.686156979402145,0.54956615,0.08241688603928922,1.03682031028531,0.18311681,1.7493484539344009,0.112688765,0.14941754778026084,0.13945029768853612,0.2669435434108268,0.2620936528654793,0.3469634913349403,0.1572397377966239,0.4514072703406683,0.17195556892742453,0.36924859686656264,0.25841125061335346,0.17306264227045356,0.5655069570055968,1.3528637090138937,0.1625973,1.027262390190476,0.18483964
CHIR,1.01578958381126,0.27111956,0.040545907,24.472166,280.07462756965157,0.03176403563289828,0.052726848974518334,0.36602566046887747,0.03523921,0.12059509011808578,0.12659519370209238,0.250536047234307,0.18723730588287332,0.4160069572077924,0.2736894578895057,0.2471723628381645,0.2788286052940865,0.4118412233605043,0.2664101020238573,0.40565359591437405,8.210184338327263,0.44447079317534743,15.923227725444617,0.81602091589111,0.1909052156229547,0.22959673219819388,0.6336170069613704,0.9504615880173605,0.26639402,2197,7.844337843323009,0.60518014,0.0899580292488466,0.9250754440809699,0.22623965,A_0016,36,765.1775758312693,1.8474373582949226,0.090479426,0.022934651,23.058935,485.10294826161777,0.0064827883166279935,0.07149157955170682,0.033827733,0.11201797717867135,0.10052956725593853,0.27596703585867044,0.04842442369860114,0.3905379810184732,0.20026659371805647,0.30132832133546117,0.07630741872808262,0.47633812475910475,0.09746127264739808,0.4052951426570914,0.15676628873645887,0.06951219338142699,0.6549349741485314,1.1932740292581059,0.19780615,3174,6.542941063074299,0.58541214,0.08709526734842568,1.035667240920204,0.19530888,1.4707670535551018,0.15659833,0.11159725803027087,0.11465221116806701,0.260916504898541,0.26813646567048094,0.2849628709938729,0.18068016567521766,0.4519591161986737,0.17843948004639162,0.4076073725786529,0.18356388458126613,0.185840519966149,0.6486954308848254,1.0977465126144987,0.22291103,0.9940997611930305,0.20663035
CHIR,1.0860532958214193,0.24506216,0.039196327,27.060585,250.4135234441894,0.013647527688956856,0.08344049770610315,0.30664184618878754,0.039660014,0.032864706427545354,0.02030330413828263,0.2834903146577691,0.08812588497876044,0.4161261039771541,0.21051280018542684,0.21389204515813418,0.16364589475913882,0.4338189372925783,0.18611975077317908,0.45363013392453916,6.237129084441619,0.5087231879751839,11.948754330725997,0.8576369725580438,0.07703772843532376,0.009663456367942903,0.6657596342980994,1.0380792058908952,0.2598812,1845,7.36781294645401,0.6366298,0.0907857353900623,0.9670801314641166,0.25061527,A_0017,42,816.6319325183973,1.9104783955270144,0.08955318,0.023357112,24.182137,566.218409074208,0.012873260508679523,0.056197866497243454,0.03147898,0.19518168589756724,0.19302973787223576,0.34311530342467156,0.08514400489839825,0.4433391612953731,0.26873640505827073,0.33214938864359,0.11516782671976264,0.5296709988647151,0.12251266423741791,0.43438697008380767,0.26228366336215936,0.206042858168295,0.6910861319969727,1.493046248420701,0.1524713,2760,4.874444129275545,0.61983365,0.0878944594982462,1.1848206375799586,0.17104268,1.582355890802752,0.13723865,0.14023244330131301,0.13918888194168133,0.3242633789006991,0.2543794013737931,0.2814639185252121,0.14576927049699726,0.4914565197584129,0.15439905430590384,0.4478724856709838,0.22023467125522903,0.17434800337228903,0.6916778858358524,1.3288444965859971,0.18540767,1.1190489926649012,0.19544293
CHIR,1.0352672297828758,0.2681828,0.040615883,26.697994,253.94129169698303,0.04057944523145821,0.0916779006534753,0.3224679860302268,0.032902796,0.13052940638852073,0.16730167253118855,0.20082084266325462,0.27477551252928467,0.3144406041715257,0.4351799890798551,0.32354661127436785,0.34361864964309013,0.392353862512846,0.29269421864903655,0.4428726838484965,9.055655113197917,0.4635079685357511,14.982469432175682,0.8171189156383339,0.2660993268144826,0.38612775865897037,0.45477582152974994,0.9941753164466998,0.27407348,1948,7.671064390440668,0.74033964,0.0884157880055349,0.9394359451654898,0.20365123,A_0018,29,787.4930309303553,1.7490083207977056,0.117968924,0.02837282,24.368986,533.5517392333722,0.016389631997912046,0.09111558788986036,0.030295126,0.14916780851711686,0.1480490669450607,0.2688310170081343,0.09505238902656403,0.3886503185943231,0.3291250102865416,0.4058597091561955,0.13147970980798834,0.5117895848682287,0.1652068548565409,0.4568445027305486,0.2779171820800504,0.17649675811818022,0.5415134620380422,1.287652071974279,0.19762413,3319,6.2205776046541335,0.65371275,0.08582931462005809,1.0998285763650428,0.1714273,1.4550841373421861,0.16640809,0.145715138297402,0.1538475707696615,0.2480032713929945,0.39922142896117163,0.36617655425937495,0.2290372277613686,0.45646854167937856,0.2213623731779404,0.4556723086905326,0.2812213740596025,0.2860659392592872,0.5162105689419709,1.1825528780144188,0.2222766,1.045208866139944,0.1818185
CHIR,0.6783012723707424,0.4679059,0.0653923,26.171913,110.8229829413786,0.08119764397905758,0.0925065445026178,0.38947797716136395,0.047360994,0.16422120418848163,0.09661649214659684,0.1969371727748691,0.26349934469200487,0.36930000803664653,0.35528416324267964,0.36734569441494813,0.42069633188055,0.4338871983816191,0.4800306913142923,0.4512200268106492,27.601305227860628,0.29075132123454017,38.85030603034612,0.708640403502433,0.45175619768099523,0.26998067432486317,0.5029228521894891,0.9091191923622073,0.34954062,918,8.283480336247228,0.85432106,0.09284482388957314,0.8251309630565847,0.31433758,A_0019,5,284.5423603898014,1.6405716472559382,0.11532141,0.028581202,23.774267,173.7193774484228,0.0228874415497662,0.0698062792251169,0.036613762,0.21024966599866401,0.19776219104876425,0.2906020374081496,0.1193530309162799,0.40234683828730683,0.32397166695162516,0.4359477920012452,0.163696836265945,0.5369326396248149,0.20003600563984444,0.4469489657315585,0.40700391747444203,0.27037221036373976,0.6372097824436171,1.4191128462378726,0.19210482,1026,5.906076887156866,0.7784425,0.09132860590636312,1.1549623485358222,0.20264108,1.1916882963259554,0.25264537,0.18497400081566073,0.16390191680261013,0.24840181484502444,0.3758107066401406,0.4223553016139249,0.34943288399177064,0.4937481880222307,0.3758134549175929,0.4563257616276327,0.4626185339100803,0.3566271440162959,0.5994535960488079,1.187718704828895,0.25342262,1.0165558912646273,0.24614438
CHIR,0.825378603383651,0.31568432,0.041069534,33.100777,262.05283777824206,0.03512199982286777,0.0707255778938978,0.31397466735254775,0.028038178,0.16822856700026567,0.1292345673545302,0.2028523824284829,0.20359397608866095,0.3016391993991072,0.25479844225318954,0.2983352271571935,0.3143532465563166,0.3894411169848294,0.3318616013548083,0.34259535622670223,18.718059841303006,0.45657426566533005,23.295446295433468,0.826792811647152,0.32827804267512434,0.22789990476773261,0.4636535555491482,1.146785098297709,0.19213912,2246,8.57079060483132,0.673703,0.08515448416127128,0.940795179139076,0.18318328,A_0020,14,834.6305133081438,1.5888610857999934,0.12275394,0.026908828,26.655777,572.5776755299017,0.01500653614640968,0.08234657789667822,0.034449175,0.11299173101477478,0.07629050890739952,0.2702797876005756,0.08138181333605074,0.3923904497075461,0.24495754474056325,0.35227660836616365,0.13403933759045378,0.510839716499911,0.18266414779748433,0.4423490165059248,0.22958970788466915,0.08077809468436475,0.600299101274548,1.2915582119780282,0.20189781,3701,6.463751833450719,0.61293656,0.08435196203054465,1.0415723775446024,0.22978018,1.2842246034675988,0.18332918,0.08663518624084088,0.0638895068336971,0.2515111647178232,0.24342814425763465,0.29326629918235814,0.20038685282240307,0.4672569783448913,0.2234828001060365,0.41381974045066133,0.19255244721300405,0.11131460369863475,0.5682573639918009,1.2514035655987048,0.1988338,1.0297899349764208,0.21514992
CHIR,0.9027201521316747,0.34193072,0.04613145,29.92889,179.21991084258127,0.029279169904169903,0.08033459595959595,0.3663448537608664,0.035214763,0.11087639212639211,0.06712153587153591,0.22743460243460245,0.14869757971494182,0.33444405698270585,0.24554432078746902,0.2575147216855851,0.28405517346223763,0.4079738003196264,0.3248658172764858,0.3965723456235377,10.542347696622429,0.43330744676969735,18.85606311013774,0.7897016809370436,0.23211061469509273,0.1333081652804923,0.5116622803369206,1.1803971506551643,0.23939341,1285,7.169962276836358,0.7495143,0.09226440566980741,1.032298516016529,0.2123693,B_0,17,489.2109415559893,1.7910176192576635,0.07703851,0.020023946,31.009457,309.991030713408,0.0025783326470257928,0.08929640998764646,0.027794067,0.16508114026878296,0.15313003032231498,0.25043518137236553,0.027384800832831048,0.2944190318397923,0.19978368688596787,0.2732651066890594,0.04246128419943725,0.3962212509280807,0.07896104130630731,0.3682179285812512,0.21018362565914236,0.07977971057113013,0.49002679277345795,1.4965871238826576,0.17362037,1988,6.413088776872705,0.72728956,0.08439453707776255,1.3175966539806978,0.14913207,1.4447735919879976,0.17408039,0.15042875441800885,0.12186291719050213,0.24130334226818795,0.24338367065559,0.28234731143158714,0.1705064301052892,0.4041539439205802,0.20672046831169308,0.38561877260777483,0.2541203920892871,0.14883523042785005,0.5073166663227914,1.3668966493730872,0.19771597,1.2035319897273105,0.17229873
CHIR,0.8585579037615115,0.35554904,0.057682052,29.258825,171.38687278127964,0.01851428668156273,0.053498882795043674,0.3400253251985051,0.033766136,0.1525492585821654,0.08875008463673917,0.24018213826257706,0.1306797651309845,0.3465610480615425,0.17080868766777324,0.16666915183555808,0.303507904397043,0.35588577682809225,0.35956931641049267,0.368014668683998,13.14522148042482,0.4673951555035941,22.08052538192601,0.8045472487473033,0.20231851284555097,0.07418827116516705,0.5775832967999837,1.2806415397870772,0.198228,1293,7.544335099977846,0.69345355,0.08874609322125655,1.1402458260926083,0.19425902,B_0001,14,504.0414936187204,1.7188691908441498,0.10481556,0.026902875,27.99059,332.65462083744075,0.0055270180701876784,0.0760221167934138,0.03154742,0.11810158375776181,0.08774549989534641,0.29839138700900025,0.04137181950084702,0.3736679381650268,0.1578918589477333,0.25067736750649156,0.0805279134828592,0.49005547239892006,0.13091879849308619,0.4277701749671287,0.1552354168553583,-0.0014481526307487114,0.5954905549864804,1.5075709734648133,0.1826909,1916,5.759727597277902,0.66312224,0.08533037971262328,1.2553063678179817,0.18444102,1.3640051387241063,0.19007133,0.10808535743064351,0.07808938643950736,0.2761799240244043,0.16862865797307677,0.21200243216763023,0.166453075861399,0.44227835036173563,0.21267510143807494,0.4048326050319028,0.16018246151009613,0.03997692485599552,0.5900232526460668,1.427771704305248,0.18797393,1.2153484192675486,0.1877794
CHIR,1.0423839780381716,0.2541531,0.045359462,31.450274,307.97184756871695,0.024873770677116696,0.07988243716794152,0.3878609844498518,0.021783192,0.12356578996947887,0.10806972757074496,0.19850503033271794,0.15691912998125193,0.2585641254319885,0.23630780439977572,0.27792393172532476,0.2744398637182526,0.35884112026834375,0.304693309589213,0.32546004491016073,6.949513566171647,0.46063620801324984,12.569719251591984,0.8297416564129915,0.28667037943193197,0.18691580087796528,0.38544084560119246,1.3225310235208187,0.18059658,2349,7.627320544210169,0.7039232,0.08481745155284351,1.1616157652934975,0.118405744,B_0003,49,794.0263648985224,1.7041934669385723,0.1030995,0.026236424,30.733793,486.0545173298055,0.0024143488122239467,0.1292139190641041,0.028049592,0.1303300704309419,0.11290288886236122,0.2198922645338427,0.04367591943691152,0.17317086043006835,0.19359922847159872,0.1546895113409433,0.06925721098902267,0.2274451634781459,0.09588434211257535,0.3316389857427425,0.14270106454472412,0.051120085480657405,0.37068337837339194,1.473208863544609,0.17029236,3280,6.74821420860024,0.6836997,0.08188767176641255,1.3321193734631944,0.14186451,1.4040523104822749,0.16168724,0.10717365251958377,0.10472385420320351,0.21253690225651822,0.21737197721160673,0.1843423580979156,0.16319176180834283,0.2658154139034081,0.17686260675569046,0.32805923627966305,0.15717198950392514,0.11330643037571463,0.3700648047405862,1.4133458036654385,0.17428897,1.2899376157403348,0.13276574
CHIR,1.1487261931601318,0.1537001,0.029989136,35.237366,400.84266772367533,0.008142261594580511,0.06357658792195009,0.2758218680379582,0.026842898,0.12154044351803606,0.1482398239823982,0.2325647038388049,0.10517963013214256,0.25013944373256936,0.19644848743915136,0.1981022354103124,0.1565315210952144,0.37078164787768114,0.12648694178097714,0.2950044086003491,22.196186618317185,0.43336127733342134,32.05868152661687,0.8076813705633854,0.1542173736792739,0.1997254547557791,0.4390931874916738,1.5901586487197434,0.14699523,2413,6.019818233678712,0.72006416,0.08235999735265785,1.2846058492300105,0.15933904,B_0004,21,1453.266452638499,1.9102824600376123,0.09588775,0.0234808,32.735012,1052.4237849148237,0.0047055385870703815,0.019707027158152406,0.016496561,0.2617362803365273,0.2986376817986349,0.3120072554057183,0.12282208170321166,0.2929278925397043,0.16418411989545753,0.119622429141712,0.24374188393631632,0.36736046868948763,0.1649575533764059,0.28670798946085957,0.24725428046612147,0.32776844345525075,0.5508670413066731,2.7012256510027712,0.057683755,3274,3.1109141079177194,0.60812306,0.08110971123015286,2.157437884676184,0.072806835,1.638181785586337,0.11183364,0.22979665902757263,0.2566585883912388,0.3006066691686696,0.1785437023951089,0.16004286369176812,0.20649267181279157,0.3861872487467187,0.152231435852039,0.2957022271376887,0.2386607988341117,0.2973051907848066,0.5255685437606787,2.2480618864800612,0.08231787,1.8188817839958882,0.09667429
CHIR,1.17923783159956,0.23046158,0.046307135,25.50913,162.555847648464,0.02036782552826956,0.07746912478583666,0.24792920353978515,0.030346198,0.08882424328954885,0.11579097658480864,0.22736115077098795,0.16197348076652748,0.3023361672760373,0.28038957972297146,0.22666911798823497,0.29982767080531075,0.38000238421015536,0.27595391685155435,0.40627741371667564,5.243737020918194,0.46696699403725755,12.036934829959138,0.8310145189368394,0.1737524837496043,0.22494978307459862,0.4912017801085915,1.2715055986557007,0.21222477,1093,6.723843010329598,0.8114769,0.093120852363633,1.1953832137974407,0.15676285,B_0005,31,655.6542969830252,1.9088461286108134,0.12282286,0.030320985,25.96432,493.0984493345612,0.011402146286359785,0.060487856537701216,0.029445231,0.21449919984938337,0.22083568671749976,0.2953026452038031,0.11266440720126855,0.3302260756240156,0.26970885120214466,0.298106297912275,0.17673643070987147,0.4665874857457161,0.18044168979717307,0.3935761584567433,0.2648751786144569,0.22851756870946507,0.5555586438249305,1.7014933992665904,0.14403853,2229,4.520395476821301,0.6987494,0.08686823145544721,1.4127576984107706,0.13729177,1.6628887930931404,0.14950968,0.17868030973451332,0.19698783185840707,0.27647123893805314,0.2772516006715617,0.27080512425077924,0.22146365423456316,0.43828057510705787,0.21099993934213854,0.39755283721322304,0.2432374700252085,0.24361581876044053,0.5388839297946068,1.5730076392257326,0.16094387,1.3547509867049934,0.14211921
CHIR,0.9639958787049915,0.35178277,0.048895385,34.506954,118.86490201764828,0.023747925412476813,0.12396270623840672,0.26634942923258975,0.032337483,0.13575124475251388,0.06455628233915844,0.14339060822024796,0.17966621253405968,0.145646538902817,0.25447759492425165,0.14436717655096523,0.3321578710455178,0.17010278572316445,0.3817693425562791,0.3091478840561504,8.4605099991223,0.5254362562997789,11.55371444564605,0.8505602558697608,0.1634132914547987,0.10629877247476027,0.22811960734019338,1.1203783343263023,0.2601347,1007,8.471802718094532,0.86071163,0.09025844219055369,1.222828616049924,0.18394539,B_0006,15,446.2742884792248,1.8939088309801748,0.09221342,0.021976143,30.724953,327.4093864615765,0.005480435244913873,0.10267952080527398,0.02325452,0.14519387538101647,0.14291885234280854,0.23837235060608208,0.06204040483909221,0.23812577975364158,0.2213485056947572,0.22450909352099727,0.0847773282991886,0.3019476784216563,0.10713505499461963,0.3385714445966562,0.18049671482733765,0.1144085654601582,0.41740071711172616,1.3935581646633157,0.18760678,1908,5.827566584513095,0.7442348,0.08602223214354889,1.3360265553156416,0.12130374,1.5943068632517556,0.16134958,0.13767974621005274,0.11836921756767294,0.2104363314871155,0.2506637532621581,0.21152309348567758,0.17055946583870174,0.23735341141490895,0.20600823512458052,0.33070160800893056,0.21756340688230652,0.14752751890513474,0.35885134212418407,1.3128387103066703,0.20692456,1.3266574427611373,0.13798831
CHIR,0.8834039285102226,0.3322864,0.048093706,29.254389,96.09687138613154,0.05695266272189349,0.061307511170148536,0.4893701892532264,0.03614737,0.21445930443183192,0.18416405023547877,0.1994022461055428,0.2566694250699447,0.28667054714784573,0.30188414455687573,0.41112059722183925,0.43177364868863877,0.443338173838327,0.4309488033743236,0.32741907351930766,10.582015369399583,0.4159154488429064,16.84732538900369,0.8287885240681272,0.46876713538350806,0.35265633741935787,0.4139866218347157,1.198662547757695,0.20406026,707,7.3571593934461506,0.6611227,0.08651558868931188,0.9107532262518975,0.22087024,B_0007,11,196.36846194641606,1.2300505543144107,0.07407699,0.01818542,23.00246,100.27159056028452,0.025533084512339786,0.08236408876544281,0.039217714,0.1198825333449064,0.13392934641090182,0.26991291265225814,0.1365791210769505,0.38429752066115624,0.30675011528653306,0.32143578978326687,0.20753964838709185,0.5149665542991335,0.20450803427363495,0.46933045560899017,0.19268583307826914,0.18026198387564257,0.5653104742156143,1.2561385458323397,0.23144932,637,6.348154812782152,0.70522475,0.08964391723559727,1.1073880805387044,0.21535955,1.2529280682370716,0.20043702,0.14211369982419075,0.11816892460886141,0.23582445669035412,0.2932379533381003,0.37370671006545875,0.2393822493747867,0.4730948230326678,0.2559240079810847,0.3990557773233647,0.2889634707239923,0.19300674489851688,0.5027318396731005,1.2359509767399965,0.21804594,1.013616826445882,0.21805632
CHIR,0.7740350516379071,0.39571503,0.058728494,31.642302,187.7724279554395,0.03192401582102466,0.10631682219887523,0.46909607467953723,0.036178187,0.08907823991100672,0.011522001112415747,0.15756519992583895,0.14966982868691286,0.24735043080781496,0.23819201349875146,0.28005092389542385,0.3144741685705677,0.34903365331248587,0.3910670636208612,0.3365009667981411,11.679930086963095,0.49501491642878725,20.544990672074242,0.8364197523039292,0.20865766345058173,-0.0007739071152593089,0.30978350104288493,1.0786887051702045,0.2694134,1554,8.275975428980201,0.75112164,0.08795424415901301,0.880460661857773,0.21605769,B_0008,18,400.2856516837606,1.5134381251548745,0.103585824,0.026289001,26.033833,212.51322372832107,0.012692486211980561,0.07981352044995359,0.032410763,0.20014470594659528,0.17232293998798665,0.2915142248675804,0.0777638704720359,0.328426426069923,0.2342672240564206,0.3402199311154928,0.12927610594393402,0.47960161932509093,0.18861939495798974,0.40691537351803786,0.3064549589123075,0.13749078540629717,0.540476028112799,1.556812627976062,0.17771822,1149,5.406722366925985,0.747336,0.09161702701392418,1.2994694461947045,0.14999661,1.162988871134656,0.24062246,0.13553081695367308,0.08439873601206005,0.22287209369745464,0.24990097239891157,0.3220141554830627,0.23557682657572238,0.42352963219313117,0.29629253885262835,0.37455699280464433,0.28292391267590794,0.12209415488368273,0.4458337347972883,1.300083702479592,0.22073205,1.0803702692961568,0.18098556
CHIR,1.513655780966312,0.15237652,0.032076374,31.521925,160.64110501125697,0.012465686628620964,0.09558079895976306,0.1593108765953371,0.0348463,0.1697021960557683,0.12558242432998623,0.21652640323629269,0.09001761792374416,0.26082141353008115,0.2385427093096603,0.3146678960429464,0.13275629285954463,0.3595281317050802,0.19269752974435087,0.33948525326223444,9.44947676536806,0.4943542193041103,16.97814320027031,0.8432799667383098,0.29307938481598456,0.1279623726023577,0.4075570926313546,1.3805965185421525,0.19630079,1053,6.554984790010971,0.7931313,0.08904240264899703,1.2002807621102565,0.18637414,B_0009,17,1008.3498907565665,1.930380776439379,0.10199169,0.020030877,32.347443,847.7087857453096,0.006956707734428473,0.053647330595482545,0.027560906,0.20325718685831617,0.18513090349075978,0.24762320328542098,0.06873217039532026,0.22791560004422398,0.14768862314332032,0.30760600792149734,0.1388556024927957,0.37444087960946076,0.21026934053994006,0.25546796752713197,0.3177087531591513,0.12143196119217614,0.418058275890232,1.9147382797536965,0.10520749,3537,4.172423430635835,0.6227098,0.08237639641421914,1.4486870934284322,0.13223037,1.8494687631943205,0.11001853,0.19980608334388272,0.17584701874719477,0.2454958972529433,0.16849540386998701,0.32117154007764454,0.13819055250201245,0.3856651427484183,0.20587670953884127,0.2730050254655174,0.318856651404805,0.13471042091671048,0.42331228587644043,1.8094588954067843,0.11971959,1.4058748744606915,0.14085612
