id,condition,compartment,area_um2,pearson_s9_gskp,pearson_s9_act,pearson_gskp_act,manders_s9_on_gskp,manders_gskp_on_s9,manders_s9_on_act,manders_gskp_on_act,icq_s9_gskp,icq_s9_act,icq_gskp_act,s9_mean,gskp_mean,act_mean,gskp_s9_ratio
0,Control,gc,103.02475838257165,0.13994224433801106,0.23730472978650033,0.02772690743234327,0.2415207396888602,0.2734501048150471,0.2955458368050817,0.21400381911823155,0.08269035818878123,0.17986877675152058,0.08556262671772918,185.99630737304688,85.19845581054688,246.3887481689453,0.45806530792905065
0,Control,shaft,111.85578351538726,0.1654186320694909,0.0005523957771597253,0.04999639425349311,0.11759248181516113,0.2399132906576314,0.171319435495668,0.19011801644927231,0.13011593526299403,0.043644309575682105,0.06751219006120968,126.54933166503906,78.30902099609375,55.55909729003906,0.6188023276433137
0001,Control,gc,122.12576675131606,0.1842570739272756,0.14397023282842725,0.25656523114595764,0.19475357962398523,0.22455804528195056,0.28786960254848787,0.3322285603597921,0.1198213606993539,0.08363621246674269,0.12021926073736222,97.51200866699219,59.785518646240234,126.01154327392578,0.613109292521592
0001,Control,shaft,170.3192587047763,0.22945172364294908,0.13150850433744302,0.1455416460773618,0.15847038746532324,0.17857992747416895,0.14984878456802028,0.15697442412242138,0.21614601076514273,0.1557411255706207,0.14883406009402467,65.16011047363281,50.12275695800781,34.38259506225586,0.7692245546178621
0002,Control,gc,118.57478949685932,0.06872869066499047,0.2775333083807418,0.1517727934936275,0.10647742963561752,0.17095558065719005,0.3434961535040051,0.2750234917342423,0.11310921902524951,0.16278258954785674,0.12466358387159915,79.0721664428711,58.36302185058594,119.20006561279297,0.7380981763371675
0002,Control,shaft,225.03448012557212,-0.06008996280668226,0.10536661117880261,-0.10724099362803106,0.2329575103105467,0.1277449379886739,0.056624682138879376,0.035210011113234414,-0.028897225660066028,0.18402562912541254,-0.04310411509900991,85.41454315185547,103.74040985107422,27.15450668334961,1.214552065993216
0003,Control,gc,216.35431350356677,0.21754527224712703,0.2477417050768407,0.08048120142272215,0.06473875957900617,0.2614661013371172,0.33870455325659093,0.2765328205471673,0.17612569727526284,0.12832881892297787,0.11232165844239439,106.62586975097656,54.70664978027344,74.9806900024414,0.5130710765407012
0003,Control,shaft,427.3821611254484,0.39703195332563884,0.32374407944797773,0.148382296454464,0.17177883720280657,0.2768346233417814,0.23203027188452893,0.14794832231798982,0.2870614868717587,0.24659914741100764,0.228571574031334,56.32114028930664,43.41456985473633,35.701351165771484,0.7708396817189817
0004,Control,gc,149.535597715456,0.28497225238896695,0.2021053123159306,-0.05502398012884798,0.05366674902162638,0.054123424297508986,0.1698863765914233,0.08268178894972993,0.13577720006208283,0.17197927983858452,0.15034727611361165,176.1327667236328,65.23722076416016,51.11469650268555,0.37038662355475194
0004,Control,shaft,211.30635564183905,0.24191591268164386,0.3320795476170902,0.17090859326334748,0.11265386186702576,0.2235046330430596,0.20587225690236807,0.14873477000117127,0.23173979900049424,0.25683727826898783,0.2166305123839859,67.51439666748047,24.351959228515625,18.640487670898438,0.36069283635040045
0005,Control,gc,241.45484880222665,0.1655264335598603,0.16988311885840748,0.22718805580160242,0.029664454695930396,0.22901782924427383,0.1584236845591744,0.1865991326612881,0.16281479790455133,0.13225416926995726,0.1894915172778392,110.32445526123047,66.18724822998047,91.88790893554688,0.5999326991753531
0005,Control,shaft,358.4746351876572,0.25775985633543186,-0.00844045930881417,-0.014557007412388483,0.09329651755342931,0.3619970661349839,0.0030902300460261757,0.005281640479135821,0.20940767537470462,0.09274343659965689,0.11412304554724673,135.91319274902344,97.69112396240234,24.365468978881836,0.7187758744121799
0006,Control,gc,164.16887326405057,0.11646962680796072,0.15364352321641606,0.20821083230421394,0.2364624215077251,0.19515952186410804,0.3191388795069865,0.32896126437854295,0.10099314342263377,0.10212854315402564,0.12689527815084467,114.8070068359375,51.4581298828125,260.0652770996094,0.448214192678177
0006,Control,shaft,172.3384418494674,0.2336013450917402,0.12762415299175278,0.13406346336393804,0.29143536898567357,0.2083643487609339,0.20730162668394272,0.20591906892556516,0.203083967409602,0.1415224564002424,0.13263416604942424,72.3268051147461,36.67576599121094,64.27508544921875,0.5070840047887407
0007,Control,gc,160.8267770245619,0.17033239163295205,0.26698939614070777,0.18379767006299128,0.18393948408555874,0.2726963309308539,0.16820872020466193,0.16288068887636026,0.10837271808932825,0.12423335016956494,0.18690471895519156,146.12310791015625,39.76270294189453,218.804931640625,0.2721178293464399
0007,Control,shaft,192.75075881217785,0.26611998274287996,0.04408097133841015,0.03513151492305184,0.29548306549605974,0.2389171643845425,0.15637078161833132,0.16554929304323956,0.17137266706803134,0.07323524984948826,0.03823374473208907,99.35010528564453,38.57285690307617,42.255245208740234,0.3882517969370575
0008,Control,gc,185.16141526833894,0.2086617652511828,0.13338103391628614,0.11910376542399957,0.0019292562590429497,0.27691471268104595,0.19996334643456712,0.22148882190344374,0.1989142015542743,0.10107091376284782,0.13919137001754822,139.43881225585938,78.65373992919922,185.94964599609375,0.5640735076315719
0008,Control,shaft,251.48113752069273,0.2833953244535505,0.23012446333955713,0.13340060485848665,0.0005346672270094624,0.26365475067171534,0.22338572170768092,0.1992096105255158,0.28748673342254627,0.20739409810345621,0.19070128282035903,75.2959976196289,46.10728454589844,52.121437072753906,0.612347083556238
0009,Control,gc,119.93251609415161,0.31579578045575196,0.034110450978749186,0.2120971606113649,0.32029426885390117,0.2079813976711058,0.25739763340833943,0.30922639996808676,0.1714683115626512,0.06983551040154812,0.11940009675858732,74.6834716796875,46.9948616027832,204.59725952148438,0.6292538435315133
0009,Control,shaft,139.7878170169473,0.3999910898159245,0.14428571340791785,0.2018123070153964,0.35692007209156995,0.25635803475376406,0.10190816483450688,0.11088992744357096,0.2413768055786153,0.15589718578781342,0.17500103768885933,77.9034194946289,47.042972564697266,59.534645080566406,0.6038627427372464
0010,Control,gc,242.8241799003505,0.21935477198302392,0.07261977262734017,0.09798947200221929,0.006071318344147094,0.261505681677051,0.22181193524860937,0.2490069981450221,0.19801373954599766,0.0839605734767025,0.1246385902031063,133.4830780029297,48.099449157714844,154.96864318847656,0.36034117490625384
0010,Control,shaft,303.49251024773554,0.34094111332838295,0.08418597129995511,0.126756621344769,0.345775879353985,0.32003587387519533,0.04438096974841693,0.06207928464828475,0.2822979199327037,0.16930180094061864,0.1699828891522961,108.63938903808594,40.11098098754883,44.86609649658203,0.3692121369851419
0011,Control,gc,163.6930887299567,0.20775503620237099,0.2782744730675602,0.6232265712289656,0.30232440014809014,0.2125904528334101,0.43994476727176474,0.5848911456279966,0.16078707642138101,0.17664912094144336,0.2999255635899617,132.5898895263672,118.54366302490234,445.8494873046875,0.8940626125285295
0011,Control,shaft,136.9911323165418,0.25772716245799826,0.16531274738825827,0.5470712127822525,0.24340280461016278,0.2436419682657676,0.2104767612359591,0.3756623338964988,0.22946844557390933,0.1741317238458281,0.2596992799661161,139.35202026367188,63.75816345214844,103.05652618408203,0.45753311169414035
0012,Control,gc,93.62511270900968,0.24060331114709946,0.08822015973849678,0.18365261795135338,0.28618065561238015,0.24355207775283344,0.26203109257131874,0.27092114665162553,0.12606903817550819,0.05562871839365391,0.10096213435795731,217.51968383789062,72.77742767333984,189.518798828125,0.33457858336878016
0012,Control,shaft,140.3680420585252,0.4103770861060568,0.20093714957566342,0.2798435677531171,0.4146771595263729,0.3690764626607676,0.21171524020764412,0.22658535017062245,0.22371031746031744,0.15243675595238093,0.17063492063492058,223.67147827148438,82.20530700683594,42.128211975097656,0.36752699826582874
0013,Control,gc,185.55596829661192,0.35196547148507773,0.28221978763977074,0.32352857774725513,0.23310162477146706,0.2990229914544886,0.22684832633572857,0.24877954665856897,0.1864016572858036,0.15544090056285176,0.21541979362101316,159.78436279296875,75.64754486083984,197.96566772460938,0.4734352194326324
0013,Control,shaft,207.9758639031819,0.5005974825946732,0.025700955287785463,0.04381246407179963,0.14862353525687336,0.5189141855080036,0.05547251955951707,0.0682584737624137,0.2243227597366365,0.07415118290369382,0.13139577056132123,235.56129455566406,111.69905853271484,44.42731857299805,0.4741825635801662
0014,Control,gc,168.82227809750532,0.16095190671181883,0.2570896197908836,0.10828563458468565,0.0020741407442830245,0.25687360676402765,0.21031596162277222,0.1798994239051381,0.15700182155622766,0.14443995738245807,0.1570404866648336,166.90982055664062,71.7640151977539,160.69686889648438,0.4299568171505996
0014,Control,shaft,212.14187970171122,0.4469554829409324,0.11875613248074408,0.1741174998207523,0.45897408199764467,0.3922619730803646,0.07324053422385596,0.09380806056241994,0.2757883868497347,0.15567392374596578,0.16372531590175587,189.01316833496094,73.33659362792969,30.461870193481445,0.3879972716923456
0015,Control,gc,62.37419196962408,0.29958784393560844,0.033390600346305345,0.1909411816694546,0.41255603053919154,0.3809335117660253,0.3975480930367382,0.427185985121773,0.1216279069767442,0.03936046511627911,0.08463953488372089,369.6904296875,153.23780822753906,568.9674072265625,0.4145030434167036
0015,Control,shaft,59.65293652462374,0.459890702850549,-0.15959849912637095,0.05183776648091787,0.478887104911659,0.38483588234348115,0.12845586911079454,0.19866505845837154,0.2534529715008268,-0.030821418149985402,0.01642593132963721,213.53871154785156,94.5022964477539,188.10025024414062,0.44255346378510285
0016,Control,gc,111.13630446383067,0.18514541758664077,0.2615112412457965,0.39232241851143157,0.316274870602574,0.22930907260842912,0.39391062565758167,0.4013582227401098,0.12285945494413697,0.14155006787094082,0.17538112143677564,125.66051483154297,88.98191833496094,232.79977416992188,0.7081135904478574
0016,Control,shaft,113.25992811600577,0.2967741148245967,0.07209939487418035,0.05867932298208982,0.39055051580739714,0.2999155725340996,0.1750844618446662,0.16783680342877436,0.16962730532786885,0.08378586065573768,0.057140112704918034,172.55880737304688,98.6408462524414,43.52008056640625,0.5716361149804262
0,CHIR,gc,526.4381802236272,0.2736266188338965,0.11829434125490232,0.05806105169665203,0.21802230367475833,0.22279260250098137,0.1572423878380056,0.1271029227938558,0.1917295822770858,0.12809159043315332,0.0976261986112642,115.74053955078125,94.9771499633789,22.305870056152344,0.8206040021234353
0,CHIR,shaft,796.4168920698233,0.305763141043131,0.16275038439577436,0.07490603077663249,0.175140426856218,0.18403113259602655,0.08786009770642962,0.049800047361104785,0.277559922774297,0.24711496430132596,0.20349063820486668,55.575260162353516,44.84844207763672,13.542880058288574,0.8069857333378027
0001,CHIR,gc,114.91937173491856,0.6029774658615555,0.11731878429475133,-0.12135241541504917,0.15549365503375134,0.5536029009343386,0.31930449539037614,0.1459692469906904,0.16390866404119964,0.1364927294759164,0.10076491972129653,189.56834411621094,192.8330841064453,186.23411560058594,1.0172219681790926
0001,CHIR,shaft,80.0942647394131,0.38113093647267265,0.0026849034346721466,-0.017257508274472828,0.04411543085688623,0.4030339769799332,0.11227040813490806,0.12118230880579861,0.16891842944074187,0.0587782526803825,0.14156222833961174,171.07015991210938,107.98567199707031,97.00421905517578,0.6312361668013109
0002,CHIR,gc,119.213037042595,0.16076859815083053,0.15334333112250198,0.19372849510656118,0.16798901871168773,0.16100677581479944,0.2180315589148233,0.21101673087808387,0.14326389564878805,0.128005451182712,0.10213666893799278,106.4393081665039,92.61783599853516,89.5330810546875,0.8701469184069224
0002,CHIR,shaft,281.7804891918906,0.33235250487559087,0.15885997287720693,0.22126720917347303,0.3693540974690196,0.18992658933698547,0.13348904583399865,0.14706168885746795,0.27392461494110865,0.2364457211102875,0.20296670373115888,61.62482452392578,56.88351058959961,31.71103858947754,0.9230616237685566
0003,CHIR,gc,331.4825662534534,0.23432780067831083,0.20266862616460155,0.1772450412086205,0.011629763631911667,0.2869572747762852,0.19949122952212459,0.20198373566519612,0.15152503063189215,0.1334937861018729,0.14339882723612818,159.70858764648438,112.55872344970703,54.36150360107422,0.7047756486256441
0003,CHIR,shaft,1308.7672082839392,0.2752196334465968,0.2452940882578381,0.2587419480619031,0.11786494092543073,0.2313945786768114,0.13705599766837473,0.1517042889460552,0.2568545455351522,0.26436079658807776,0.2514591331873276,70.19236755371094,52.693870544433594,35.027374267578125,0.7507065565787814
0004,CHIR,gc,254.37065822775068,0.418571550182086,0.08203838364592324,0.0890896644492374,0.30002570760389696,0.27160459786894764,0.09518441566276888,0.10696533724550308,0.20388058850364965,0.07768020072992698,0.07665659215328469,162.95166015625,85.31304931640625,51.08894729614258,0.5235482058577955
0004,CHIR,shaft,299.1176134342382,0.4475726529052338,0.1689743489666773,0.18098802029470723,0.424512602561776,0.2684608665631245,0.0469986705798986,0.054958620695871804,0.3139984869646183,0.24896221291123521,0.23710525294847917,81.3972396850586,53.798641204833984,15.021842002868652,0.660939380904378
0005,CHIR,gc,116.03340381474813,0.2529113335489578,0.19945906898113833,0.19225260169586972,0.0769548932977515,0.300628849433917,0.2643173849136266,0.28467841251822434,0.17849284928492848,0.1407390739073907,0.12718771877187718,184.24867248535156,118.15316772460938,204.49598693847656,0.6412701167979317
0005,CHIR,shaft,221.91286940188303,0.47350110481907104,0.017926921289193303,0.07553780380276492,0.41477276497359294,0.4350562646417151,0.022173848178639977,0.039302026633723806,0.3009007477906186,0.11315562411755475,0.11195288396172154,292.088623046875,188.07354736328125,37.43975067138672,0.6438920674189847
0006,CHIR,gc,285.0645629272215,0.32232782115194564,0.1679062149123897,0.2849043798254568,0.3361385446226338,0.24229623114005128,0.1254017204369209,0.1428109940316986,0.19090932220639123,0.15481121514349683,0.1607724404640749,112.7493896484375,38.938838958740234,45.38945770263672,0.34535742570421374
0006,CHIR,shaft,1232.0266442848465,0.23687197299313537,0.20750984801589006,0.15940830410116133,0.0037716658188524273,0.22035202771296988,0.13681699278367834,0.1238740297218837,0.24762699212568762,0.23657022360786673,0.20628861803933385,72.15458679199219,35.084930419921875,28.434967041015625,0.48624670973470285
0007,CHIR,gc,159.01647489483884,0.2376682321484278,0.08944873352625267,0.01693287794401562,0.01311764704372891,0.35019261564205845,0.10744996070040777,0.11142448367253824,0.17141775523607972,0.08836112530102902,0.11172735897248776,177.74331665039062,72.17516326904297,85.26246643066406,0.40606400639505424
0007,CHIR,shaft,415.69642878806957,0.34105117295891557,0.17045733466148513,0.2613617577849504,0.4715830552426076,0.2986360380187071,0.1261566940664884,0.15302033160251216,0.25231352241639216,0.20155386354754057,0.19771195075651837,133.86599731445312,56.337032318115234,45.21455764770508,0.4208464692175465
0008,CHIR,gc,143.4780482813827,0.23858002105593235,0.11450639671779579,0.002288892167435879,0.16237412774729748,0.22066855820094564,0.21307911191840856,0.17759879648421567,0.19010837916531864,0.11053259462956977,0.07063854739566489,148.26425170898438,159.17723083496094,134.37411499023438,1.0736049249908832
0008,CHIR,shaft,528.8403118957598,0.44049351014590343,0.1224855139579199,0.17989883455778435,0.33757572675668035,0.3192281961383684,0.10979553603624496,0.1337697167997539,0.30667131133151937,0.20400958922145174,0.1743175634161327,100.62448120117188,71.81959533691406,82.84420013427734,0.7137387888068563
0009,CHIR,gc,175.94744160808193,0.054670930322402334,0.09871130683332612,-0.038548608141169144,0.00981248301871064,0.18183947058588837,0.23364356765477876,0.18529468494437323,0.15837290594908326,0.10209734863474473,0.11947632238490968,132.5243682861328,64.88370513916016,220.72219848632812,0.48959829786942327
0009,CHIR,shaft,364.19565409761526,0.29193397428130685,0.07853890567897738,0.17113837251803912,0.33462845665143937,0.2948254008418131,0.10642913986802763,0.15280129869548578,0.214247307545246,0.12307027466224829,0.1673344697935254,131.7421875,48.496917724609375,78.13420867919922,0.36811987598560686
0010,CHIR,gc,149.51238871379286,0.22805943665017608,0.12632040126732352,0.26121852027047476,0.019941844080178205,0.22048928742542998,0.25322314512757016,0.3485611210458588,0.21744993790748213,0.1129744256442099,0.13258207854703508,81.71000671386719,81.98017120361328,147.94989013671875,1.0033063819293495
0010,CHIR,shaft,120.44311413074016,0.27703202439793384,0.08393465051148014,0.058727236414573294,0.1860530796370398,0.22007295968163978,0.0836957241413464,0.07145777740551638,0.16423788418922824,0.12198911263127465,0.10153916562289234,134.24154663085938,94.18142700195312,28.3574161529541,0.7015818080587624
0011,CHIR,gc,284.36829287732803,0.2966228982745101,0.19238247282925403,0.029444955282422396,0.033464332903393894,0.36462936939346013,0.14979408184765325,0.14252701901746984,0.17914201183431955,0.10010712099571517,0.1376759844929606,105.3366470336914,54.232421875,49.150367736816406,0.5148485679214997
0011,CHIR,shaft,479.347115849165,0.5260784041863246,0.03813396643379853,0.18008015221126583,0.5091273536398011,0.39809281310526456,0.02192686722322519,0.04845281433209115,0.28854673542014675,0.12237332655482125,0.1555668530757499,112.68186950683594,52.6871223449707,24.29002571105957,0.4675740877881658
0012,CHIR,gc,203.07876455226446,0.4697778560728724,0.15445223837993471,0.06595179173816353,0.5415490240686107,0.4418244924020641,0.2286338691455661,0.21360890849112596,0.2496178571428571,0.08369285714285712,0.06956785714285718,590.112060546875,222.86407470703125,148.63368225097656,0.37766398893874237
0012,CHIR,shaft,777.9657357476462,0.6771078769393543,0.010439274184809947,0.03085771701498366,0.5100381914316688,0.49714757105128,0.11691830792838294,0.1277996262321283,0.3073799224343675,0.05402837857995224,0.05009975387828158,455.5630798339844,141.27365112304688,90.02360534667969,0.3101077707493298
0013,CHIR,gc,240.6077202415229,0.5062544793299532,0.1437749748014495,-0.030821533082564318,0.021077026462082895,0.4028184525900375,0.17360530393708062,0.11463560375463776,0.23247142374843255,0.12706183080929878,0.08635272981576159,234.38865661621094,115.2499008178711,114.67953491210938,0.49170425941957013
0013,CHIR,shaft,571.626106461714,0.6212661617502043,0.0011985995207023162,-0.026301838049049658,0.4545332769360282,0.43215333301321107,0.059426293477682884,0.05887583785319243,0.2855315779857488,0.09769534501309407,0.07266184859619562,305.5653076171875,169.79623413085938,68.38612365722656,0.5556790312842866
0015,CHIR,gc,269.3868823037867,0.30069237325096076,0.22636794372017788,0.09244115385147565,0.007887753433964263,0.34544762818841135,0.20292576104735022,0.1804542637208715,0.22645817179288363,0.13673322133195487,0.1456664082019471,302.7476806640625,87.99211883544922,128.1922607421875,0.2906450633821989
0015,CHIR,shaft,980.0581177292282,0.5231664914169237,0.10539916817347954,0.2188768384407065,0.48662051229387043,0.3336211188726917,0.11060216497513557,0.13322186431794614,0.27199766147652593,0.12617148185424187,0.14949677342963708,247.28672790527344,83.0747299194336,75.70590209960938,0.3359449600191358
0016,CHIR,gc,288.94046620496187,0.3092383598104003,0.26859635385077724,0.03998042931462608,0.010681253081139857,0.28787095572899407,0.20505970345686617,0.15689639599489788,0.23705771316117108,0.15302823406562516,0.12482931041407286,421.5609130859375,126.53121948242188,169.2917022705078,0.30014931544803297
0016,CHIR,shaft,442.16629518485325,0.6107453762575447,0.07513093644231925,0.14188889987143216,0.4721543518922994,0.37595541000856064,0.07515991136943154,0.08993670890581158,0.26995577776028135,0.10408137154554764,0.11064253470855312,385.2925109863281,112.91324615478516,68.66229248046875,0.29305850213829493
0017,CHIR,gc,275.4792452403546,0.3844725709336142,0.04129651331695646,0.01927629035322408,0.012010017021090696,0.4011016359031162,0.07560730323353285,0.08578643751350304,0.28386305236109355,0.05434359071569994,0.07167266944690176,371.8396301269531,162.89215087890625,86.60968017578125,0.4380709792101718
0017,CHIR,shaft,571.1735309292832,0.526693873632077,0.18365010128065615,0.16317124420477103,0.5107663631574939,0.4042387988378624,0.07880911629361895,0.07839250107633768,0.3486959061357172,0.20844042056074763,0.20730648110524175,222.53616333007812,104.20729064941406,31.385669708251953,0.4682712647238424
0018,CHIR,gc,263.4221688763659,0.29151426213490006,0.359672739250008,0.08858808924995644,0.008208317936794147,0.43262817763256217,0.32168450137357735,0.2497846196690858,0.19655011013215862,0.17358755506607926,0.13817180616740088,397.5528564453125,122.71154022216797,142.0823211669922,0.30866723313058964
0018,CHIR,shaft,451.4034778467734,0.34792602071907675,0.13360043362035648,0.12589493458921772,0.005154605827677727,0.45629539843168976,0.09722315120486914,0.12176879965732847,0.26286183449446,0.13210011825496804,0.1377252628602278,327.58221435546875,114.12210845947266,59.60682678222656,0.34837699807353
0019,CHIR,gc,127.83518116044259,0.3790025497153998,0.2264276329584488,0.2883528852763025,0.3415109632714286,0.3150777499477319,0.14411422724599512,0.16462929702778598,0.2113686909949165,0.1359556554103123,0.18844181190994913,351.494384765625,170.3380584716797,152.6971893310547,0.48461103748559725
0019,CHIR,shaft,166.08361590125764,0.5620106271576418,0.19345796154319894,0.3126943049494784,0.5345168739213715,0.36976313570083785,0.08522039878934254,0.11256272589505739,0.29367838177752936,0.21698574622694244,0.21569312465064283,181.01156616210938,98.45459747314453,30.732295989990234,0.5439132954902821
0020,CHIR,gc,274.50446717050374,0.4072302645820433,0.22981141903331312,0.2939545578684059,0.36382556998571636,0.31136568439617185,0.2475921573914806,0.25709822250403974,0.19963274149228494,0.14015800042274362,0.17830268442189812,283.4437255859375,93.0038070678711,171.8851318359375,0.32812088846059284
0020,CHIR,shaft,568.8526307629717,0.5579454318037531,0.08635350916519527,0.21651577894068194,0.4827000554811254,0.40347905354802627,0.1061494775000226,0.14383936986088747,0.27431533047735623,0.08902233782129743,0.12011806405548753,309.7991943359375,115.42854309082031,65.96908569335938,0.3725914889424006
0,BDNF,gc,100.54139520461824,0.5459571171013865,0.39066375828869654,0.4992149339029833,0.465151155848703,0.37145343971033934,0.18300697233681226,0.19216645147203668,0.2624437326869806,0.18864698753462605,0.21681671283471837,40.732173919677734,36.27640914916992,590.1715087890625,0.8906082258368171
0,BDNF,shaft,119.68882157668888,0.5811377429705357,-0.00889149480061387,0.017861515443010054,0.6100344665868683,0.44102108208661384,0.027416483107903608,0.030919029608289766,0.27059700407213494,0.06070632150475086,0.04361183827806869,52.756649017333984,45.015445709228516,54.52897262573242,0.8532658261587595
0001,BDNF,gc,104.45211198485327,0.4621160734123789,0.39204775824144905,0.3761632072720086,0.4575528499682549,0.38670103782386805,0.13509481116632446,0.127274327794999,0.2198922341962004,0.18022997444728361,0.1778552383068548,41.90906524658203,53.874786376953125,999.290771484375,1.2855162972459384
0001,BDNF,shaft,127.75394965462168,0.5046207550209403,-0.022735364199683243,-0.00024196296507093126,0.5905910586380452,0.3959074595605518,0.029662831000777785,0.03209830129356969,0.24562289944590787,0.06354459987283134,0.03816195839767467,47.47374725341797,60.61454772949219,90.06889343261719,1.2768014162817205
0002,BDNF,gc,105.04394152726273,0.41592906631080084,0.15630676086981654,0.2383041035529779,0.23631628887104614,0.2700719204284621,0.24462010847509688,0.2604639040402794,0.1832606053910738,0.105715587715422,0.14960091692443656,45.137489318847656,34.968963623046875,254.8246307373047,0.7747210611549837
0002,BDNF,shaft,120.89568966317091,0.49381491121972787,0.09528373841163716,0.09724185987506245,0.23747695468143085,0.36854250132473104,0.05927662087779652,0.05968510800788612,0.2568931176809368,0.14778508350931086,0.13814431752735645,63.21950149536133,46.441219329833984,33.003753662109375,0.7346027449009244
0003,BDNF,gc,179.54483686586488,0.17050563738718175,0.15642195292532243,0.3298780644783652,0.2296055225026717,0.2772155624915245,0.1907855370403706,0.22944814946706843,0.09727653179937956,0.09183525077559462,0.15741743148914167,35.45590591430664,21.983915328979492,238.21990966796875,0.6200353583420037
0003,BDNF,shaft,195.46621200676242,0.3155666316760776,0.291269440174362,0.3327290830581341,0.21163308662752348,0.31271338161808143,0.15977546727817774,0.17141909034613043,0.21098017098076471,0.18383029565423892,0.2347905782474472,24.26144790649414,15.620870590209961,53.61184310913086,0.6438556614737032
0004,BDNF,gc,151.8216843792729,0.3926101847494232,0.16964068070987598,0.12878038159892974,0.2144441091051223,0.32269920682140596,0.27301336406765964,0.2775158753104728,0.2033554995031721,0.09583524421004352,0.14521229840250705,91.7274169921875,73.66059875488281,179.53439331054688,0.8030379702186125
0004,BDNF,shaft,196.84714760571782,0.6497273038999294,0.06477384077148035,0.09028710830290246,0.1962899365045097,0.5053331984579245,0.049058393743180086,0.06435200126740066,0.29985851559276067,0.08212727701467903,0.10286358545068675,116.42826843261719,68.84066772460938,53.15654373168945,0.5912710774736958
0005,BDNF,gc,137.11878182568896,0.4637036745010947,0.11193684375638806,-0.018475120497522948,0.11686961558227227,0.044821042269711196,0.1483050250547026,0.12061691870250703,0.1930063050101557,0.13166998138117803,0.12332853757616791,78.10009765625,66.88788604736328,174.7265625,0.8564379309956586
0005,BDNF,shaft,128.9608177411037,0.3653390990963353,0.07927071539537077,0.015936035960044153,0.495534161180083,0.34175172036821416,0.11602262696789765,0.0961023760705008,0.21844911365067943,0.10348240799064157,0.028311437055700495,73.21532440185547,60.31394958496094,30.681819915771484,0.8237885999635077
0006,BDNF,gc,249.6940443926328,0.5279558168135724,0.11750317145107109,0.02279065418387479,0.02753720812964803,0.32776962277190247,0.14648750133326502,0.13997177401482178,0.23052412046288984,0.1081383324812939,0.1455012315843287,75.97942352294922,55.833770751953125,132.4812774658203,0.7348538349335504
0006,BDNF,shaft,392.8239576490688,0.5234269500661706,0.14320203259808675,0.2424351102524213,0.5049032779388082,0.371648901394162,0.05658160432570468,0.07121991764967718,0.29071150039880655,0.17095691412365954,0.17547302886177663,61.4504280090332,43.32920837402344,48.3521842956543,0.7051083251622517
0007,BDNF,gc,247.8489287604151,0.5457657473005105,0.11064685391803541,0.016080185231325223,0.030432045057976583,0.29278668308232547,0.13523479518582496,0.12800423350253945,0.20686920591815716,0.11900107687985761,0.15195418578518582,52.02067184448242,86.7736587524414,254.7569580078125,1.668061093322428
0007,BDNF,shaft,394.65746878045496,0.46824923826902565,0.12383534994066894,0.21321352002188257,0.41943124641298846,0.3214883786124471,0.04985688789897758,0.06573020855229086,0.26874503807815575,0.16798862065923725,0.16369931488723577,45.898738861083984,70.43272399902344,87.94615936279297,1.5345241666016134
0008,BDNF,gc,204.42488664872516,0.3810382476333041,0.46580244519238145,0.3651433114757483,0.28030726987375343,0.3334155045659512,0.32101976376562724,0.2989203308907621,0.21835618188010897,0.21782754314259767,0.23088740349682102,102.57827758789062,44.285255432128906,221.96432495117188,0.43172157374295406
0008,BDNF,shaft,316.292274664944,0.6789344406823858,0.08769091487700827,0.15424646135914824,0.4936873330536145,0.4686258023703744,0.10976363961935894,0.12641259455072787,0.3369212283533901,0.10238571323745227,0.11347960082183739,90.30673217773438,40.44284439086914,48.51533508300781,0.44783864298431303
0009,BDNF,gc,172.32683734863582,0.4066476079980933,0.01727171002701886,-0.005907218500011103,0.012169024400663924,0.4254314743481404,0.048551466545039536,0.0489860838466191,0.1797685185185185,0.0500378787878788,0.04230639730639729,140.4819793701172,129.0191650390625,223.24217224121094,0.9184036672707585
0009,BDNF,shaft,171.15478276464847,0.5627108425732124,0.14948014125001438,0.14828151730584277,0.6483472550888322,0.43588509905149764,0.03301701508615635,0.03422739884523962,0.3259246389585735,0.19263594141975726,0.17117262187266935,83.11134338378906,80.46459197998047,27.63395881652832,0.9681541496485826
0010,BDNF,gc,221.63436138192563,0.2442748012566888,0.37325203836289544,0.22127269332300958,0.011949228371386782,0.33429234686667325,0.294306629058114,0.2784788792118164,0.1754280328813027,0.1683563275564166,0.17480954500235613,79.32893371582031,42.07455062866211,220.88331604003906,0.5303808920378603
0010,BDNF,shaft,365.0775961608137,0.49504041692747824,0.20673400474098805,0.25812606770619284,0.4661800601121233,0.3362231780824218,0.1224569715256252,0.13323740335294956,0.24851994596312776,0.17205379847425306,0.1522250476795931,66.3612060546875,37.8636360168457,91.55792999267578,0.5705688348337983
0011,BDNF,gc,116.19006457597416,0.45626923241098744,0.015331434095752293,-0.07229481312010567,0.27034359237749067,0.43630966460684234,0.04403378588515486,0.02768803730356193,0.18654806491885145,0.04172284644194757,0.05410112359550556,227.98858642578125,231.49008178710938,227.62905883789062,1.0153582046194514
0011,BDNF,shaft,127.35359437593293,0.6376262559200967,0.257388851673887,0.22727814447581488,0.29098693543439047,0.4891769707631319,0.15545714705005734,0.16185182991735475,0.2908788555287257,0.16844730967242239,0.18023600164016584,156.58668518066406,161.16763305664062,80.89632415771484,1.0292550281052844
0012,BDNF,gc,145.6364854360525,0.4784195612373951,0.3598876397783213,0.5186760243627359,0.1819552798815161,0.3868288277628614,0.3206805419629136,0.4569979855479204,0.25247509960159364,0.2003685258964143,0.23760458167330678,79.2247085571289,73.74005889892578,258.02496337890625,0.9307709708475453
0012,BDNF,shaft,246.52601566561748,0.41652875868188877,0.07216972880756516,0.4883515813546802,0.027782633039360793,0.45033651701262123,0.049971329981023944,0.16064430567544952,0.22634332046695538,0.024459847486349107,0.12120186876294481,104.64282989501953,53.49374008178711,77.69699096679688,0.5112031100019211
