Metric,Control_n,Control_mean,Control_SEM,Control_median,CHIR_n,CHIR_mean,CHIR_SEM,CHIR_median,U_statistic,p_value,Cohens_d,Significance
Whole Neurite: Pearson S9–AcTub,29,0.5160522051894284,0.015452170754121756,0.5088735233501315,32,0.5701803283408273,0.015478936198949399,0.5810328032310503,305.0,0.02207804661589975,0.6337076323940297,*
Whole Neurite: Pearson S9–Actin,29,0.1522407817948646,0.023665589730229926,0.119641505192344,32,0.14031114639609393,0.01948090439290012,0.14380957111894505,485.0,0.7671869071657818,-0.10013609428601045,ns
Whole Neurite: Pearson Actin–AcTub,29,-0.06722987588490356,0.022997219576530118,-0.0897794463433377,32,-0.11114374220517974,0.022428264077727574,-0.13362970997067825,567.0,0.13879782542949579,-0.3502803465246055,ns
Growth Cone: Pearson S9–AcTub,29,0.3896827607064385,0.015493289114864282,0.3893302145893017,32,0.43305676866971776,0.017186721589547604,0.4409524659801919,343.0,0.08181780581795008,0.4787889570041551,ns
Growth Cone: Pearson S9–Actin,29,0.18097844603128155,0.016591176602353104,0.1796598707512859,32,0.17015737378029822,0.01533544108583706,0.16042444460139116,472.0,0.913747120228366,-0.1228859414179373,ns
Growth Cone: Pearson Actin–AcTub,29,-0.034531458977969644,0.016394309764274792,-0.0532605024381517,32,-0.09448479003574946,0.02192641602104994,-0.07952030646702415,595.0,0.05947675935892238,-0.5569048638984901,ns
Shaft: Pearson S9–AcTub,29,0.5647179659034525,0.01746339599443676,0.5783611696768196,32,0.62455983956368,0.01634251374434551,0.6427150200538848,302.0,0.019682400721052498,0.6417451548990261,*
Shaft: Pearson S9–Actin,29,0.13026210641074656,0.024675646934580683,0.1000334404448184,32,0.12845599219034934,0.018389535306502763,0.14127188173438748,454.0,0.8908751369695835,-0.015135447122573323,ns
Shaft: Pearson Actin–AcTub,29,-0.03407227837264133,0.019879609723860516,-0.0370536625228504,32,-0.049664646299689696,0.019894635827217948,-0.0471305516534209,501.0,0.5981067526680535,-0.14196526572557422,ns
