id,condition,gc_pearson_s9_act,c_domain_pearson_s9_act,t_zone_pearson_s9_act,p_domain_pearson_s9_act,shaft_pearson_s9_act,whole_pearson_s9_act,gc_area_px,c_domain_area_px,t_zone_area_px,p_domain_area_px
A_0,Control,0.47266957539057514,0.3704774292699177,0.4482367797157488,0.49871171571825573,0.25901381528866085,0.45909955887109766,54127,18512,17502,18113
A_0001,Control,0.06092509887332987,0.08678925308581861,0.05241026153597729,-0.04676001797030558,0.15064570713577333,0.22244845701744742,84882,28986,26859,29037
A_0002,Control,0.27522504647048446,0.21599504018292756,0.23147809247827236,0.23424825674284233,0.17372742128913576,0.24465736301995702,49814,17083,16269,16462
A_0003,Control,0.24862950850960366,0.2293510335999375,0.21209510865082673,0.17145699646632243,0.3637298631100615,0.3771172004640906,160041,54594,48094,57353
A_0004,Control,0.3539840445737373,0.30586739745490776,0.15190838878529572,0.2884738637613825,0.40138045251872734,0.4628244095944685,94895,32450,30157,32288
A_0005,Control,0.14306010501725372,0.20532593830255622,-0.04246073622129078,0.029622159568421146,0.05415749531291556,0.1503589162993517,145475,50283,46405,48787
A_0006,Control,0.10003481517204227,-0.06843913714265586,0.03049498001075425,0.12266869329928093,0.23136394069410726,0.29520245459028843,111882,38086,36396,37400
A_0007,Control,0.18176003430512594,0.16553913352812938,0.1533978173849066,0.142594018925431,0.19324341990672989,0.32661750988302257,86746,29717,28373,28656
A_0008,Control,0.14519472182758036,0.2527406469837588,0.16559520874150324,0.11732242429643333,0.2533931031027226,0.26530311265720147,135648,46553,39622,49473
A_0009,Control,0.11363599293207105,0.18671989874172915,0.07592341667113882,0.0035321206472676506,0.07239298795393592,0.11405573602887334,84811,29476,26640,28695
A_0010,Control,0.09097274336593657,0.14835439091823885,0.03676259428576861,0.16043143931505166,0.1690617933253375,0.14283517415031632,147067,50187,47624,49256
B_0,Control,0.2348063044645298,0.27062384754958957,0.13002807483867068,0.11716078411800955,0.20361152942867522,0.28608392407191874,129718,45169,40489,44060
B_0001,Control,0.34444713710526514,0.3621597782046377,0.2089998456007904,0.29819208197926644,0.30330373428455676,0.3798299301717332,133477,45454,42610,45413
B_0002,Control,0.194824849250544,0.0702811511296993,0.21880139362089562,0.30212012844644304,0.23157920732046489,0.2807122964131116,109867,37449,34838,37580
B_0003,Control,0.13239815176961214,0.20513551806192953,0.16070448682805266,0.09899918412501972,0.24237009779813537,0.23388328971150682,123427,42622,36550,44255
B_0004,Control,0.16588487622802653,0.16499524069192995,0.18038600201596228,0.14911186580929706,0.2365933744850447,0.2777311851121028,128208,43918,41703,42587
B_0005,Control,0.3033939402532685,0.2559959439989693,0.23877859577269336,0.2770432961948287,0.40148824111065706,0.4880399545728543,45654,15672,14437,15545
B_0006,Control,0.16232155784047753,0.22363036290872834,0.006810737545648107,0.09997950900253837,0.29643954167852177,0.3345035396999183,78856,26978,25121,26757
B_0007,Control,0.20426013605189944,0.17418980341642884,0.11530946515277335,0.19673243525105644,0.2831475058990484,0.36758071106356044,165476,56528,54100,54848
B_0008,Control,0.26184516674474617,0.33382655184204585,0.12788217372970392,0.011048909706364558,0.25506498134432437,0.3877330447996102,85600,29200,25282,31118
B_0009,Control,0.11817101671267731,0.18450792412775724,0.1427144684204988,0.026839107051902636,0.07577139053351901,0.1357741280059172,162556,55646,51724,55186
B_0010,Control,0.13120434660472052,0.19527405190220995,0.1161855175044212,0.10141498286356283,0.12487365690107585,0.17068968746951496,163762,56144,51981,55637
B_0011,Control,0.12556797444808296,0.060375085063123037,0.024107288642341487,0.17998052620514102,0.3248799296104794,0.39769689466964353,110484,38310,34231,37943
B_0012,Control,0.21929143453325717,0.2634041892147316,0.22101433064835843,0.059478700444038815,0.11030342006507778,0.0537553746092489,75222,25609,24673,24940
B_0013,Control,0.21338201408213137,0.2581816120280508,0.0985136052504607,0.061915144642862,0.21090644727928168,0.30043577312351466,100708,34824,30837,35047
B_0014,Control,0.20368752797521386,0.3487477093817906,0.08956349439329692,-0.024199534130877623,0.19028775456941724,0.2815763048953759,108725,37298,35249,36178
B_0015,Control,0.16745551276704168,0.160525075216008,0.04814390338356357,0.0573931061207204,0.32658062356791717,0.5178862389492775,36450,12409,12002,12039
B_0016,Control,0.15028813647365513,0.13257968787633048,0.014640732137719893,0.037683957675442185,0.16447857374146088,0.3340041905186959,62964,21537,20506,20921
A_0,CHIR,0.08683426169382687,0.06288028460882827,0.011401034135837393,0.11131631038425305,0.23787193841731974,0.24957682113950766,375701,129531,113181,132989
A_0001,CHIR,0.20779011765697308,0.2328424610446242,0.1710773842333846,0.12180431260918731,0.295890447223296,0.36480827032582336,55787,19215,17546,19026
A_0002,CHIR,0.1903455132819703,0.28369727976484316,0.1656487690026365,0.12041493001164559,0.16668650069430024,0.22854182252353994,113784,38928,36608,38248
A_0003,CHIR,0.13298835657699162,0.20061017906580747,-0.04660491347630895,0.10058061537229245,0.28023299167514126,0.29406328783709645,313386,107254,92714,113418
A_0004,CHIR,0.029709979014147746,0.11250481729219668,-0.05629073596389498,0.03308740179627505,0.21097638433160681,0.22473643772776972,152348,52277,46602,53469
A_0005,CHIR,0.17965431850990907,0.23108365844500867,0.14680671473771345,0.06912809403444495,0.19069042550300777,0.2572215977817007,77046,26400,25197,25449
A_0006,CHIR,0.13428772938749067,0.2457742545656201,0.04841001892219282,0.06708097775355952,0.28747271219264114,0.2840054037384977,255482,86993,82651,85838
A_0007,CHIR,0.10854441726421685,0.17664568716107937,0.06361438303339123,0.11608057451185162,0.21602775529595272,0.19276039965610872,150806,51533,47291,51982
A_0008,CHIR,0.09925776984460824,0.18593622819561026,0.06603178254532391,0.07067360156632303,0.16609323525466,0.17965995811956417,124897,42484,38604,43809
A_0009,CHIR,0.09388999441220662,0.13386710218531153,0.005781155118427778,0.0476805218822044,0.0759131554552834,0.09543438112029322,125951,42990,40909,42052
A_0010,CHIR,0.09557488214739938,0.0985616114446016,-0.0004570503070873629,0.04490088126368988,0.19081929913557602,0.22877483848291316,65705,22855,20759,22091
A_0011,CHIR,0.15797136301543097,0.3227131296650861,0.06902381487672839,0.15761232340982748,0.07948712767323644,0.08553837987618863,169904,57803,54842,57259
A_0012,CHIR,0.1291423412146402,0.19063103759607714,0.09501262388230501,0.021074635084361516,0.005453713757543686,0.054053981633958394,216504,74306,69315,72883
A_0013,CHIR,0.16252593765704396,0.16109915376703732,0.10668303462336048,0.0953886732726698,0.16070244576689402,0.16232481805105164,142830,48875,45296,48659
A_0015,CHIR,0.2269103627540325,0.31844006444020617,0.11763400472680617,0.13181418568198755,0.2609101214504988,0.3286527788843356,198635,67714,64972,65949
A_0016,CHIR,0.2679586958615001,0.3549063076129829,0.20910093257052476,0.1700197825875694,0.1681773971084636,0.27909651995321527,162155,55570,52256,54329
A_0017,CHIR,0.07654097115048708,0.42165216047339205,0.03700204951502269,-0.015102804605038106,0.1364005521278102,0.11378086886927379,184941,63006,60776,61159
A_0018,CHIR,0.34743583109156095,0.27245269764860713,0.15786959299913983,0.17334980367315964,0.18739807006495623,0.27955653473058945,157787,53864,50715,53208
A_0019,CHIR,0.2617954092199282,0.33394860989269776,0.19122914451940864,0.21030113218047833,0.34617702379486864,0.3804504080076157,89622,30561,26488,32573
A_0020,CHIR,0.22119173853333315,0.1895726104636967,0.2214718796861063,0.19274114604909523,0.12986942290703693,0.1781750175071929,207918,71247,60016,76655
B_0,CHIR,0.21722567759916728,0.33958911541822934,0.1249471168884362,0.08828746041734856,0.17154013484512184,0.22496517747995518,104025,35627,33945,34453
B_0001,CHIR,0.1916517142173021,0.24232558106581392,0.1306675716392291,0.05369740877332489,-0.005026465896855385,0.041222926838228105,137564,47510,42688,47366
B_0002,CHIR,0.17578234310359475,0.14859379172587012,0.10430371392223461,0.1526281430344717,0.12022146046531738,0.17203724319860325,121288,41581,37827,41880
B_0003,CHIR,0.17969066294094344,0.24586820474265741,0.0589724004139354,0.13012770065970572,0.04148240134271181,0.10588701136492228,200331,69591,59259,71481
B_0004,CHIR,0.10945097823355618,0.08379802694037188,0.019037646829189445,0.10567781682039967,0.3180163954501803,0.30573903263780705,400013,136431,125530,138052
B_0005,CHIR,0.1507656603867534,0.240746214484256,0.04126356443506448,0.16609483122200713,0.19506993143384038,0.21124892922053842,131811,45580,41388,44843
B_0006,CHIR,0.22440341397249491,0.21674766026452943,0.2871785721553534,0.14068674827125285,0.20935616083024847,0.26602269046972,81265,27905,23193,30167
B_0007,CHIR,0.23302076831477703,0.046484403529502956,0.16559357884560189,0.278109314490199,0.2790546552461546,0.342026313632852,44106,15078,14302,14726
B_0008,CHIR,0.05548810048923502,0.15619987869508242,-0.006440805648554631,-0.05382448875372485,0.0656449840419549,0.11653601736537338,134843,46054,42472,46317
B_0009,CHIR,0.022186102065446918,-0.021348034945699527,-0.07877009884027505,0.027792170717651325,0.13901321500313504,0.14675155979040844,126937,44080,39649,43208
