id,condition,whole_pearson_s9_gskp,whole_spearman_s9_gskp,whole_area_px,gc_pearson_s9_gskp,gc_spearman_s9_gskp,gc_area_px,shaft_pearson_s9_gskp,shaft_spearman_s9_gskp,shaft_area_px,c_domain_pearson_s9_gskp,c_domain_spearman_s9_gskp,c_domain_area_px,t_zone_pearson_s9_gskp,t_zone_spearman_s9_gskp,t_zone_area_px,p_domain_pearson_s9_gskp,p_domain_spearman_s9_gskp,p_domain_area_px
A_0,Control,0.21687570614187354,0.3287323232763835,180496,0.08259004216137097,0.1281896271587679,54127,0.22909769317760267,0.3338443852933209,126369,-0.02435386383398847,-0.002419562514937258,18512,0.03347137267412209,0.08827800018830893,17502,0.18297306050124423,0.21867100868276082,18113
A_0001,Control,0.30184241389371835,0.49890400280363545,347132,0.15037457816978408,0.18853903611975395,84882,0.3206043313370519,0.5341432276904079,262250,0.15005969062900318,0.16808801793403286,28986,0.17816330938790767,0.20819986208032173,26859,0.10876299056616974,0.17981354561246884,29037
A_0002,Control,0.17697742897207364,0.3719421001728845,205731,0.0678086632836439,0.11267495725585602,49814,0.18543963165211175,0.3989342276841364,155917,0.0931655108638552,0.11326407337833788,17083,-0.011793705322322512,0.01980585085731052,16269,0.06111926170888637,0.09504825697073008,16462
A_0003,Control,0.40842358339810425,0.5395807960415488,864926,0.23551191236383318,0.2597096888196078,160041,0.45184059273668414,0.5473809953923121,704885,0.20102078337376858,0.20763990632306933,54594,0.23157346807679577,0.24657707468290882,48094,0.2651968257203197,0.27149799004387015,57353
A_0004,Control,0.3220007816888069,0.5318745700535654,477445,0.1846992591999362,0.28453586282525467,94895,0.3383024518219967,0.5486479810543815,382550,0.12169899351420517,0.20912332402534448,32450,0.17170730676292947,0.23543326249259589,30157,0.19542294140693328,0.3159417454398086,32288
A_0005,Control,0.28218373782927114,0.5484964987878547,502474,0.175001655760717,0.3079952820029084,145475,0.31198726742191935,0.5716814810151755,356999,0.22613637306216008,0.2872208635230576,50283,0.1301755632138101,0.2617884552137662,46405,0.12546678784717652,0.3124130551251015,48787
A_0006,Control,0.24801062108428917,0.45358182020078086,366815,0.06667570119357151,0.12281952416402883,111882,0.27919415915337953,0.47451824809484494,254933,0.00016573197929237973,0.039704450478603735,38086,0.03286460017626851,0.056893665948331784,36396,0.11035981681184796,0.1630849547850143,37400
A_0007,Control,0.2943344244420891,0.4444086440384641,330504,0.08290621806682484,0.10952194202247136,86746,0.31477639133685054,0.47262387637084136,243758,0.03193383046423478,0.034800926190323246,29717,0.03272769527239577,0.06515721509740273,28373,0.1515896909128963,0.18220735120415385,28656
A_0008,Control,0.48647246844187403,0.6478884091569775,524465,0.345207238268564,0.40728418976333225,135648,0.5196891660081223,0.6721372555392588,388817,0.2703334975598609,0.33696214077893677,46553,0.34410811825036125,0.38669131343194013,39622,0.4194230780830552,0.47054221675055546,49473
A_0009,Control,0.415477588121961,0.5177653513471548,315737,0.33026013153077227,0.35105831979213126,84811,0.4412380721892586,0.5542895005973351,230926,0.3061702721999675,0.3411879630490167,29476,0.36049469645039395,0.3604212497001804,26640,0.317505018520429,0.3386018101117793,28695
A_0010,Control,0.41201021538146615,0.6299734336591494,684520,0.24531116615299056,0.34875571140023054,147067,0.4506746547992161,0.6662676656053929,537453,0.19433154092710206,0.23267804967352562,50187,0.17305595777380514,0.25437695060979526,47624,0.3362847264423995,0.5015140269487779,49256
B_0,Control,0.347689775420016,0.5256275873932477,524174,0.3074103029256033,0.3727525396417305,129718,0.3337557762525105,0.5386975781140301,394456,0.3069945205087562,0.3622218426683099,45169,0.27499666139919127,0.33237363123628527,40489,0.27713299220832216,0.3620237500331303,44060
B_0001,Control,0.3747720690659439,0.6070456198976668,673645,0.23702318019388047,0.3138103883689949,133477,0.3798498770767071,0.6133042719759518,540168,0.21763340873263948,0.2703125157114343,45454,0.17440239912101024,0.23217687660172162,42610,0.24656213373750763,0.35097971218535334,45413
B_0002,Control,0.4473764054092082,0.6011940698693077,393705,0.3444589047313126,0.36607796115923974,109867,0.4629505949989057,0.6387977300505309,283838,0.23230856878134457,0.22536135972822585,37449,0.3590465043979245,0.3726276627336145,34838,0.4269468933702293,0.43727526601259226,37580
B_0003,Control,0.43150175055714424,0.6046935264066995,513672,0.27454138311208,0.35287774528686605,123427,0.4720497238452639,0.640654647970592,390229,0.21168115081706487,0.2865636351351673,42622,0.26848848542803727,0.33148344313138894,36550,0.348225330020447,0.4138831959753196,44255
B_0004,Control,0.31675073962892303,0.5525118119041286,460441,0.17734065424967724,0.21709471747799278,128208,0.35363250314341904,0.5991219111979645,332233,0.12852352775644937,0.14464355510637325,43918,0.19075832076267565,0.2123421044689894,41703,0.21048190684539336,0.28929705048461074,42587
B_0005,Control,0.35949587153199336,0.6338759950522826,195128,0.12608255627702275,0.15722085143552858,45654,0.3642741428279282,0.6452889161873749,149474,0.03404927907901058,0.03905865082399181,15672,0.12928104019322123,0.1374704985856209,14437,0.1904434793358234,0.2569881179601698,15545
B_0006,Control,0.4137000012876486,0.594925372068862,268217,0.2948509699980786,0.341124518380768,78856,0.43705703910888727,0.645160908348729,189361,0.272548375440587,0.3203310562245661,26978,0.25976125805841654,0.28843515705265943,25121,0.3208873190586058,0.3576358765888813,26757
B_0007,Control,0.34346191206626453,0.552272410619052,572714,0.20435221730549713,0.2357038889672432,165476,0.33414793988847125,0.5895296587767392,407238,0.24738981057340573,0.2598622912925757,56528,0.15739406219433244,0.1814767644754096,54100,0.16581163515578937,0.23294622560838607,54848
B_0008,Control,0.31560609833677605,0.5540073558536639,257418,0.15055048556581446,0.1866473871654731,85600,0.31738837704203454,0.6100920532305277,171818,0.10802823040611119,0.14924307046889929,29200,0.0667846196377916,0.10533782486553765,25282,0.09929385985530144,0.13619777425286733,31118
B_0009,Control,0.23108608619889662,0.4601097280992685,738314,0.18229763165735488,0.1950707312410518,162556,0.23003301138208468,0.49644035719540397,575758,0.14178331337480427,0.16233064570300576,55646,0.18709248413578491,0.1805216069300085,51724,0.22071358054198098,0.22679071105342535,55186
B_0010,Control,0.24994851415516559,0.5212704218588483,624173,0.1900732981496803,0.20851295618527335,163762,0.2513485213042581,0.5544116397496415,460411,0.14129692268076757,0.21473782781913028,56144,0.20061259582196875,0.166897016222393,51981,0.2269225108896813,0.22021568976433106,55637
B_0011,Control,0.33526535045290323,0.6802673880569496,342064,0.05474244862825393,0.10265010039264919,110484,0.3172395933120716,0.6862366476951361,231580,0.047159843445296855,0.06193806721183753,38310,0.009740595357819359,0.03008593659935602,34231,0.08458144806009683,0.18529049829138686,37943
B_0012,Control,0.3912123773098726,0.508174437160571,274673,0.17041174392742267,0.20748478310110147,75222,0.43190277158229584,0.569352333518065,199451,0.14897259849227265,0.18980976124130833,25609,0.15326596860506392,0.1807883405934439,24673,0.21916443107672517,0.247112426189572,24940
B_0013,Control,0.49351079290109817,0.6363055898209953,322588,0.3768926486163678,0.36859113944696487,100708,0.517062543509625,0.6721274841205496,221880,0.319288382635572,0.3199523926394678,34824,0.31746624529885825,0.26001407235571855,30837,0.4338365178308757,0.4222866065412154,35047
B_0014,Control,0.47110675133063196,0.6452060773861539,372053,0.28743981578804806,0.2962696018717905,108725,0.5204830731936297,0.6848095364362616,263328,0.22261708659751556,0.25722246358249534,37298,0.2636508055669337,0.23920744964090757,35249,0.393550862152512,0.37658741048377864,36178
B_0015,Control,0.4229892960348717,0.5737388835982692,106640,0.10975830382205544,0.13748680193415122,36450,0.32257918752683434,0.47737199310861084,70190,0.10781511883414399,0.12465811761143818,12409,0.0205983893884849,0.040558142956318655,12002,0.12760028702848836,0.16022579110639026,12039
B_0016,Control,0.280508409865774,0.5048131763780287,187460,0.04098501707748961,0.0887965586724252,62964,0.3224195627675064,0.5637974126504599,124496,-0.021242660306859954,0.007057526768008223,21537,0.015195811992777133,0.04456226609213825,20506,0.07750081916099336,0.14321815461384182,20921
A_0,CHIR,0.39899705752483156,0.5587183816006736,1895166,0.293975764622068,0.36765332303763854,375701,0.3984254812888236,0.5255095972006396,1519465,0.2771861191792072,0.29743052938532755,129531,0.28363517876873506,0.3395329123857119,113181,0.309454550270753,0.4336595119884992,132989
A_0001,CHIR,0.28879520403665804,0.4937078905265317,178604,0.08955894992482266,0.16294546537177707,55787,0.3252237455511894,0.5577248214552633,122817,0.03291645168155396,0.08234178863103668,19215,0.06543595489531892,0.13286407847830858,17546,0.1350813732079177,0.2155081300473685,19026
A_0002,CHIR,0.32753343890608716,0.5516646153785899,429266,0.16295084383268077,0.20838651972343933,113784,0.3786097940052809,0.5983217405703437,315482,0.1556863018966776,0.20672586407151458,38928,0.15358010626860014,0.18386922723163973,36608,0.18198743525136996,0.23669613769920805,38248
A_0003,CHIR,0.3519169574270475,0.5914681359495344,2233058,0.22209918714048582,0.3362205742635588,313386,0.3260266487963003,0.5669079682146201,1919672,0.17531973693095737,0.19843129735286472,107254,0.1960026186438306,0.29614394710866215,92714,0.26364711937535623,0.46962724687620155,113418
A_0004,CHIR,0.5266788131991206,0.6950968875682189,699923,0.3464923277096087,0.37377110174573347,152348,0.5656600229852162,0.7176858905194252,547575,0.2880757451533664,0.276906287429138,52277,0.3176994579361053,0.3235534194340969,46602,0.4160983971918004,0.4915301447701785,53469
A_0005,CHIR,0.5207084639097401,0.6544097221990045,282380,0.2711949873988766,0.3091963865758831,77046,0.6015019104744256,0.672547993728913,205318,0.20755823850576546,0.2389565390461365,26400,0.24889568294019096,0.26433458533124093,25197,0.3495534171982374,0.3761894532452511,25449
A_0006,CHIR,0.3378191301396867,0.534269692524412,1903586,0.31256136656419337,0.39244497748712387,255482,0.3350290593008298,0.5273224996228043,1648104,0.27897893699297394,0.3266678564469367,86993,0.30484481301170463,0.350319476680693,82651,0.3233677346390652,0.4611842405032738,85838
A_0007,CHIR,0.3943388211375238,0.5836408172953721,620913,0.20574095485936766,0.26083099815281013,150806,0.4411261031169459,0.6470833003754172,470107,0.11559401674841481,0.14803796586343324,51533,0.22233858788935387,0.2584580037121162,47291,0.2669355752434587,0.35941313681437603,51982
A_0008,CHIR,0.5291653090961874,0.676031743059691,883105,0.3344179592124602,0.40399736282978027,124897,0.5583775381063436,0.6808644583680746,758208,0.2582148170455898,0.3589113705988582,42484,0.3238939945902964,0.36593210315813623,38604,0.41214373907237173,0.4749669914362623,43809
A_0009,CHIR,0.410675071623418,0.5483830965333065,499629,0.22490540453600727,0.26745348421975834,125951,0.45831866089702855,0.5984518597447218,373678,0.10517959228213596,0.17440251144431443,42990,0.2093270263746967,0.2454931393201128,40909,0.3488249862062469,0.368311187178697,42052
A_0010,CHIR,0.35400255280672766,0.598973906931619,214932,0.2512129648493348,0.34778614792421236,65705,0.37464458315907145,0.619518294336772,149227,0.2168747524192425,0.3141975904196511,22855,0.19560696191615518,0.2399974891775104,20759,0.3154946747366595,0.42590957812762464,22091
A_0011,CHIR,0.6516349541967813,0.6865747665757386,799841,0.43481587958179047,0.42998854053653046,169904,0.6822212510558471,0.7274346242729537,629937,0.4054204105768323,0.40014655876989824,57803,0.3642225423090843,0.35822025987546496,54842,0.5193876664901963,0.5210130165373379,57259
A_0012,CHIR,0.6605360081529535,0.744258152255246,1257805,0.4479699441250137,0.5057493249052092,216504,0.7039657025194183,0.7645023608312863,1041301,0.2721716355316069,0.3138766963071036,74306,0.46458831984415744,0.5083611212031967,69315,0.5748867144414667,0.6054260025729482,72883
A_0013,CHIR,0.6115658654396411,0.5932921520589827,658105,0.3460551155051467,0.3265794260021419,142830,0.6506193868365583,0.6225575587495625,515275,0.21784675128700542,0.23653208356876898,48875,0.3123658300770074,0.2878043486582787,45296,0.47244007922896836,0.41121637599152466,48659
A_0015,CHIR,0.5056371062701585,0.5671119908959553,776386,0.4102970242871486,0.44576741208800413,198635,0.5111817573684552,0.5377252514103525,577751,0.3617468710281195,0.40836204381227437,67714,0.3773711986627186,0.3986787252405455,64972,0.4804355985522984,0.48149054776000333,65949
A_0016,CHIR,0.653478936883223,0.6719163730880872,581389,0.520202436219609,0.4681168562425703,162155,0.6893186180230514,0.6865165053193101,419234,0.45476204225444095,0.4392557390255982,55570,0.5427345408522473,0.4665969463613265,52256,0.5773089852414375,0.4998271891701197,54329
A_0017,CHIR,0.6890562751121809,0.7666021788345497,791533,0.6130021943295694,0.6085827123322184,184941,0.7060483254380061,0.784231443860934,606592,0.5125552817751796,0.4810271066976336,63006,0.6023410153669033,0.609217291623248,60776,0.6607921029358337,0.6891026030253602,61159
A_0018,CHIR,0.4796641016792115,0.634597380723414,733037,0.2769185158474501,0.3454345504072489,157787,0.5234566650857978,0.6744138075146277,575250,0.18550864574616663,0.2116522782622577,53864,0.2650419255525551,0.2941161222462821,50715,0.3900217071256677,0.459699372191395,53208
A_0019,CHIR,0.5749500419678945,0.6702831405106928,326388,0.41881591607866014,0.4246761268445628,89622,0.6106974979727972,0.696721646982275,236766,0.3360035109845283,0.35447580704441883,30561,0.39480016237278204,0.3966585315196278,26488,0.5024810222130802,0.47396927427105456,32573
A_0020,CHIR,0.5341241469210632,0.6098820124866565,899134,0.39002518841528644,0.37358961256434353,207918,0.565714892743849,0.6435195231725062,691216,0.26207741331991136,0.27314296332500954,71247,0.3799412006345136,0.339728359030033,60016,0.49482295114980773,0.42535765865580377,76655
B_0,CHIR,0.5426331245723331,0.6662662112222771,358570,0.3942037529644603,0.4379427771704979,104025,0.5871263098634394,0.6923318028197342,254545,0.36121606397444544,0.4270653966631447,35627,0.39106312985598923,0.39827319187353494,33945,0.40786044773963565,0.44207991031001315,34453
B_0001,CHIR,0.6026226765170811,0.7035612247919815,634337,0.4433835905061596,0.39506024735161555,137564,0.6321832030528195,0.7408528614881706,496773,0.37471420409132655,0.3341565309715132,47510,0.4082348730071675,0.34542835333012667,42688,0.5370808426872566,0.43932175255788436,47366
B_0002,CHIR,0.4446850325742857,0.5766739955234633,464803,0.18594609852354418,0.22331501633492182,121288,0.5065341006437849,0.6017779992830741,343515,0.14363585304118118,0.18117265472598296,41581,0.17753917152405851,0.18384318769929314,37827,0.22577513023822152,0.25166116792291787,41880
B_0003,CHIR,0.36968629733081354,0.5761982688417496,815462,0.29992931401061584,0.3623976937761807,200331,0.38717548650202255,0.6191788985772205,615131,0.29446498369960283,0.32870518305220287,69591,0.2559881756072536,0.2814212606974501,59259,0.33613004893340115,0.43665821402299193,71481
B_0004,CHIR,0.5300415730592958,0.6271426378664586,2101205,0.36866566219626035,0.4580198480533989,400013,0.5635225744798904,0.5586499683590456,1701192,0.32495194860887805,0.3857132839107668,136431,0.3621656234937898,0.38890727453908686,125530,0.39985062393554494,0.5266268733327552,138052
B_0005,CHIR,0.5301605516599822,0.6865677576196443,728905,0.37307898428614994,0.39443342685376426,131811,0.5589460353401354,0.704207321656222,597094,0.2510506925179309,0.1949389555530071,45580,0.3260370342301244,0.3334256442256285,41388,0.48406494933151467,0.5868414691525575,44843
B_0006,CHIR,0.3739729288414114,0.5213896349897856,268009,0.3374843710753737,0.27659162289538575,81265,0.36039284431405016,0.569078943126591,186744,0.30942714706775587,0.21152090824058892,27905,0.35690497723483255,0.31040823611488283,23193,0.32856757361326905,0.302159264265095,30167
B_0007,CHIR,0.46758565139495906,0.6189756783957807,150008,0.18726946599459485,0.2825707297220934,44106,0.5443445970983125,0.6496621934131497,105902,0.08105690728562216,0.14100847029779448,15078,0.16914725761508959,0.2775604101088358,14302,0.2651613914737826,0.33737421775539755,14726
B_0008,CHIR,0.4403359627789209,0.6351297553086832,519929,0.26436089622584047,0.32704195671006414,134843,0.487829668743945,0.6885264038163301,385086,0.2670273088204453,0.3236292427619667,46054,0.2450970925383055,0.30110463335657583,42472,0.2853590334474722,0.35748146831863836,46317
B_0009,CHIR,0.42017885365727003,0.6204429222947636,1294298,0.3711746722666353,0.44906470527660586,126937,0.413198526279115,0.6161647120776201,1167361,0.39565412772342984,0.4372481020970486,44080,0.3218459431703528,0.3812788125806662,39649,0.36703127668158786,0.4991683310583513,43208
