genotype,file,voxel_xy_nm,voxel_z_nm,Z,Y,X,cell_vox,cell_vol_um3,nuc_vox,nuc_frac_of_cell,alpha_bleed_MT_to_SEP,pearson_raw_exNuc,pearson_bgSub_exNuc,manders_M1_SEP_in_MT_exNuc,manders_M2_MT_in_SEP_exNuc,skel_SEP_on_MT_exNuc,skel_MT_on_SEP_exNuc,skel_SEP_on_MT_wholecell,align_median_cosTheta,align_frac_within_20deg,sep_skel_length_um,mt_skel_length_um,sep_components,sep_med_component_length_um,sep_mean_component_length_um,sep_endpoints,sep_branchpoints,sep_density_vox_per_cellExNuc,mt_density_vox_per_cellExNuc,sep_coherence_median,sep_frac_components_MTdecorated,wallclock_s
WT,"USOSWT_0_crop - Denoised.nd2 - Deconvolved 20 iterations, Type Richardson-Lucy",38.41495316653822,200.0,13,960,2304,1437502,424.26682048480654,0,0.0,0.02,0.4381659284438905,0.0651732341117988,0.0718104034786784,0.1634753099889355,0.4350603621730382,0.4928802832818503,0.2914266725742135,0.8061791658401489,0.3007901111153831,763.6892689507797,509.88167337946174,10058,0.0384149531665382,0.0759285413552177,1108,1719,0.0138295459762838,0.0092333784579082,0.982122838497162,0.4380592563133824,38.3
WT,"USOSWT_11_crop - Denoised.nd2 - Deconvolved 20 iterations, Type Richardson-Lucy",38.41495316653822,200.0,14,1720,1439,3214211,948.6477802029428,0,0.0,0.013953488372093,0.3646999855870794,0.1602942800268864,0.1036662398141906,0.2236680943364719,0.4434883853013006,0.489778076664425,0.3460299764647591,0.7749670743942261,0.2880117238218895,1352.7441608064769,1142.4607071728465,19681,0.0384149531665382,0.0687335074847048,2316,3100,0.0109557213263223,0.0092526595173745,0.9812065362930298,0.4499771353081652,99.1
WT,"USOSWT_1_crop - Denoised.nd2 - Deconvolved 20 iterations, Type Richardson-Lucy",38.41495316653822,200.0,13,1163,2304,2470131,729.0387251989602,0,0.0,0.0051282051282051,0.50986667891663,0.2486156788052435,0.1014767010962697,0.208109707328834,0.4644057991973679,0.4867325198527987,0.3471044164960515,0.8314307332038879,0.3302343407119853,1062.5191896332806,793.3456127953473,14325,0.0384149531665382,0.0741723692588677,1704,2215,0.0111973818392627,0.0083606901820186,0.9815073013305664,0.4767888307155323,102.3
WT,"USOSWT_2_crop - Denoised.nd2 - Deconvolved 20 iterations, Type Richardson-Lucy",38.41495316653822,200.0,7,1163,1463,1685639,497.5024027898319,0,0.0,0.0034188034188034,0.2775608257613426,-0.0380206303263903,0.0476180556731699,0.0709005088972778,0.3886217008797654,0.3415972864631514,0.2149050855401921,0.8181649446487427,0.3177940319761796,654.9749514894766,622.8984655954172,8828,0.0384149531665382,0.0741929034310689,1297,1214,0.0101148585195287,0.0096194974131471,0.982529878616333,0.4075668328047123,18.0
WT,"USOSWT_3_crop - Denoised.nd2 - Deconvolved 20 iterations, Type Richardson-Lucy",38.41495316653822,200.0,13,2304,2304,9352361,2760.271961705866,0,0.0,0.0079051383399209,0.352652135285892,0.1004283199987748,0.0994332702685287,0.1369287834887574,0.4464936428878315,0.2817993605213833,0.2667816733472017,0.7791097164154053,0.2833459328696704,2414.110901844761,3135.774212031348,35987,0.0384149531665382,0.0670828605286564,3666,6244,0.0067194797121283,0.0087281703518501,0.9811743497848512,0.4708089032150498,220.7
WT,"USOSWT_4_crop - Denoised.nd2 - Deconvolved 20 iterations, Type Richardson-Lucy",38.41495316653822,200.0,11,1284,1411,1861197,549.3168938101377,0,0.0,0.005427408412483,0.2824063795897656,0.2243737039680785,0.1535070128987339,0.1455576178521612,0.4986219739292365,0.2936185347017579,0.3516070207431046,0.8982205390930176,0.4204488988973114,515.7207462607755,756.0831082238052,7753,0.0384149531665382,0.0665188631833839,528,1463,0.0072130999566408,0.0105749149606409,0.981291890144348,0.5132206887656391,52.9
WT,"USOSWT_5crop - Denoised.nd2 - Deconvolved 20 iterations, Type Richardson-Lucy",38.41495316653822,200.0,9,1601,780,2001068,590.5986620776116,0,0.0,0.0032894736842105,0.3396436142844226,0.1026740455778697,0.0833036781251128,0.1154174270562897,0.4120884520884521,0.3413222027736636,0.25,0.7353239059448242,0.2514454422438184,781.7442969390527,855.923571503638,10224,0.0384149531665382,0.0764616878852751,1528,1406,0.0101695694499137,0.0111345541480849,0.9835808277130128,0.4174491392801251,24.8
WT,"USOSWT_6_crop - Denoised.nd2 - Deconvolved 20 iterations, Type Richardson-Lucy",38.41495316653822,200.0,8,1950,2304,3141716,927.2514808231532,0,0.0,0.0076726342710997,0.3701018691629661,0.151222589016358,0.081464153073339,0.110702118992373,0.414580031695721,0.2928057781860804,0.2589557335320047,0.7963351011276245,0.2935460560010664,1090.7925951638526,1212.6448266081118,15685,0.0384149531665382,0.0695436783655628,1896,2595,0.0090380543626476,0.0100476936807782,0.981332302093506,0.4327701625757092,91.0
S85A,"U2OS_85A_10_crop - Denoised.nd2 - Deconvolved 20 iterations, Type Richardson-Lucy",38.41495316653822,200.0,8,1517,1440,2930975,865.0530184795958,0,0.0,0.0155440414507772,0.0522545364067906,0.1427450668266618,0.1647625237695529,0.1634377974776814,0.4217373899119295,0.4520918820593088,0.3427101200686106,0.8279567956924438,0.3363325307312128,1151.5266361201495,908.0910779037968,15462,0.0384149531665382,0.0744746239891443,1666,2521,0.010227313436655,0.0080652342650483,0.9814622402191162,0.414306040615703,21.8
S85A,"U2OS_85A_11_crop - Denoised.nd2 - Deconvolved 20 iterations, Type Richardson-Lucy",38.41495316653822,200.0,14,1613,1449,3220380,950.468509506673,0,0.0,0.0138248847926267,0.3639598568853194,0.1607027981462425,0.1051669845783251,0.2231023332710209,0.4444983310986221,0.489582630975659,0.350125,0.775717556476593,0.2886170294297976,1346.559353346664,1139.4643408258569,19564,0.0384149531665382,0.0688284273843111,2303,3084,0.0108847403101497,0.0092107142635341,0.9812033772468568,0.4543549376405643,89.9
S85A,"U2OS_85A_13_crop - Denoised.nd2 - Deconvolved 20 iterations, Type Richardson-Lucy",38.41495316653822,200.0,6,1580,2304,3583588,1057.666345290307,0,0.0,0.0,0.192077201727702,0.235471368751403,0.1986787570466202,0.1519052899120865,0.28058913617257,0.4492056596748169,0.2942419886699924,0.8920245170593262,0.4133253359182121,2357.8329954557826,1238.0371106511936,31990,0.0384149531665382,0.073705314018624,2723,8389,0.0171275269366902,0.0089932213189685,0.9832075834274292,0.2721162863394811,56.0
S85A,"U2OS_85A_14_crop - Denoised.nd2 - Deconvolved 20 iterations, Type Richardson-Lucy",38.41495316653822,200.0,6,1323,2304,2826159,834.1174433945276,598060,0.2116158361932219,0.0,0.3926182364076672,0.2795851301471428,0.1225168608518662,0.2260906938595476,0.5119469311521865,0.5735794945330704,0.3897260691843084,0.829968273639679,0.3345366391960743,1192.9379556336778,857.2680948644668,15714,0.0384149531665382,0.0759156138242126,1789,2208,0.0139374417384505,0.0100157129463277,0.9822534322738647,0.5232913325696831,44.6
S85A,"U2OS_85A_15_crop - Denoised.nd2 - Deconvolved 20 iterations, Type Richardson-Lucy",38.41495316653822,200.0,8,2304,2304,5637077,1663.7366317528824,0,0.0,0.0066079295154185,0.2743910629077027,0.1490751129340453,0.1530627317710597,0.1286278115916874,0.4976113360323886,0.278076403460864,0.3169492140704977,0.8319878578186035,0.3339392875943148,1897.698686426988,2672.835611421396,28102,0.0384149531665382,0.0675289547515119,2907,4989,0.0087634069926665,0.0123429216950557,0.982274293899536,0.5124902142196285,128.5
S85A,"U2OS_85A_8_crop - Denoised.nd2 - Deconvolved 20 iterations, Type Richardson-Lucy",38.41495316653822,200.0,11,1930,2304,3754975,1108.249800174147,0,0.0,0.0053097345132743,0.2777986288141971,0.2233257997303267,0.197083985546043,0.1505492561300697,0.4961622315802049,0.3289746416758544,0.3468715697036224,0.8745555877685547,0.3875473741201949,1286.2478768751992,1742.118126102508,15405,0.0768299063330764,0.083495480485245,1969,2244,0.0089169701529304,0.0120773107677148,0.98163902759552,0.5051606621226874,144.2
S85A,"U2OS_85A_9_crop - Denoised.nd2 - Deconvolved 20 iterations, Type Richardson-Lucy",38.41495316653822,200.0,8,2299,1817,2392433,706.1068034221358,0,0.0,0.0092592592592592,0.4426391841216669,0.2398425529018079,0.15691822719066,0.2087691735150461,0.5598613584941992,0.4111765823987835,0.4096631507315413,0.8187998533248901,0.3237623006123254,797.9938221284983,1010.5053430457878,10212,0.0384149531665382,0.0781427557900997,1282,1013,0.0086827927887635,0.0109950832478903,0.9816783666610718,0.5750097924010967,98.9
S85E,"U2OS_85E_2_crop - Denoised.nd2 - Deconvolved 19 iterations, Type Richardson-Lucy",38.41495316653822,200.0,10,1321,1958,2776322,819.4084652278879,0,0.0,0.0060240963855421,0.4563295092241687,0.0942474433583813,0.0639963119898956,0.1721312491689061,0.5291814420803782,0.4520739064856712,0.3153821138211382,0.7951878309249878,0.2825574079899339,1039.9696121245229,1018.7645579765934,14567,0.0384149531665382,0.0713921611947911,1623,2562,0.00975103031997,0.0095522061201834,0.981337547302246,0.5445184320724926,30.7
S85E,"U2OS_85E_3_crop - Denoised.nd2 - Deconvolved 20 iterations, Type Richardson-Lucy",38.41495316653822,200.0,10,2304,2143,5195435,1533.389649882561,0,0.0,0.0,0.339417801731042,0.2111135178136629,0.0725581045315491,0.1937548143954071,0.5293187537581008,0.4753795601180054,0.4168079820168001,0.8384323120117188,0.343041638833222,1724.9466420370654,1601.634642372478,23074,0.0384149531665382,0.0747571570615006,3027,3313,0.0086427796709996,0.0080249295776003,0.9820529818534852,0.5354078183236544,172.1
S85E,"U2OS_85E_5_crop - Denoised.nd2 - Deconvolved 20 iterations, Type Richardson-Lucy",38.41495316653822,200.0,13,1399,1974,2707165,798.9973489273416,0,0.0,0.0059880239520958,0.3564623323835581,0.0270393770114784,0.0513081710427638,0.1582341699071905,0.4995423690031271,0.4302140128333518,0.2451685393258427,0.7256038784980774,0.2305774982744075,1007.316901932965,1035.7055523230367,14188,0.0384149531665382,0.0709978081430057,2106,1855,0.0096861476858632,0.009959126983394,0.981287121772766,0.5179024527769946,115.3
S85E,"U2OS_85E_6_crop - Denoised.nd2 - Deconvolved 20 iterations, Type Richardson-Lucy",38.41495316653822,200.0,6,2127,2304,2213028,653.1569021843799,0,0.0,0.0094339622641509,0.4073806877328159,0.0258775230904118,0.0375780821644372,0.0694549388401029,0.4575144860002431,0.2941809993146437,0.2111153406928055,0.7558271884918213,0.2531201317886368,948.0426291969966,1177.0725799758975,12536,0.0384149531665382,0.0756256085830405,1829,2356,0.0111516889980605,0.0138457353454181,0.9820458889007568,0.4724792597319719,95.4
S85E,"U2OS_85E_7_crop - Denoised.nd2 - Deconvolved 20 iterations, Type Richardson-Lucy",38.41495316653822,200.0,7,2304,2304,3217821,949.7132418314832,0,0.0,0.0050761421319796,0.4399901201740601,0.0862502360154349,0.0442679899039459,0.1174867774747223,0.6221074613387515,0.4237752193720684,0.3498320847326272,0.7665374279022217,0.2668172589515012,1361.2722804094485,1711.7318981477763,18049,0.0384149531665382,0.0754209252817024,2644,2671,0.0110124211384039,0.0138475695198707,0.9820749163627625,0.6340517480192809,127.5
S82A/S85A,"U2OS_S82A85A_10_crop - Denoised.nd2 - Deconvolved 20 iterations, Type Richardson-Lucy",38.41495316653822,200.0,13,912,1491,2468096,728.4381117878578,0,0.0,0.0116279069767441,0.2692251894570649,0.1873031601403941,0.2125750581491194,0.1953557989398426,0.6480173818576861,0.3469132269833321,0.4656496365311764,0.884337306022644,0.4004455072558718,565.7754302367748,1074.005260630075,7488,0.0384149531665382,0.075557616217518,782,874,0.0059673529716834,0.011327760346437,0.979737401008606,0.6531784188034188,18.6
S82A/S85A,"U2OS_S82A85A_11_crop - Denoised.nd2 - Deconvolved 20 iterations, Type Richardson-Lucy",38.41495316653822,200.0,11,1755,853,766187,226.13375312646,0,0.0,0.0103092783505154,0.1039110249828077,0.0384787991732192,0.0595415529284241,0.0475263237247052,0.4801003344481605,0.217866227742032,0.3068128791413905,0.8908801078796387,0.4132269938650307,229.72141993589847,513.4542640239498,2790,0.0384149531665382,0.082337426500322,257,219,0.0078048831421049,0.0174448274376881,0.9807860851287842,0.4939068100358423,17.5
S82A/S85A,"U2OS_S82A85A_13_crop - Denoised.nd2 - Deconvolved 20 iterations, Type Richardson-Lucy",38.41495316653822,200.0,5,1735,2017,103915,30.66965239052097,0,0.0,0.02,0.0753073041111239,0.0921406547829501,0.0255412193429099,0.0089243319228991,0.4556661925082977,0.3494957331264546,0.2262405382674516,0.9534122943878174,0.538049669628617,81.01713622822909,99.03374926333552,1269,0.0384149531665382,0.0638432909599913,87,30,0.0202954337679834,0.0248087379107924,0.9800626039505004,0.438140267927502,22.0
S82A/S85A,"U2OS_S82A85A_14_crop - Denoised.nd2 - Deconvolved 20 iterations, Type Richardson-Lucy",38.41495316653822,200.0,9,1152,1923,4812119,1420.2571042854388,0,0.0,0.0,0.1911486818808879,0.2309632315913292,0.2588331070597152,0.3364488323477983,0.4432569901844523,0.5584592633670687,0.3829284885349553,0.8314522504806519,0.3456285430176524,2688.700987079176,1662.5223431414408,36870,0.0384149531665382,0.0729238130479841,3286,8465,0.0145447359053257,0.0089935431771325,0.9841073155403136,0.448006509357201,33.1
S82A/S85A,"U2OS_S82A85A_15_crop - Denoised.nd2 - Deconvolved 20 iterations, Type Richardson-Lucy",38.41495316653822,200.0,11,1625,1890,6770290,1998.1950717703912,0,0.0,0.02,0.0409068262817065,0.1557402103955388,0.2076770424875069,0.2288338127229836,0.3881879468151947,0.4545024308393925,0.3768549814904233,0.849045991897583,0.3542764333084153,2262.218177024269,1785.7575128996957,33237,0.0384149531665382,0.0680632480977305,2229,7711,0.0086981503007995,0.0068661755995681,0.9819859862327576,0.3863164545536601,105.0
S82A/S85A,"U2OS_S82A85A_1_crop - Denoised.nd2 - Deconvolved 20 iterations, Type Richardson-Lucy",38.41495316653822,200.0,11,1131,856,1138217,335.93532921119765,0,0.0,0.0077519379844961,0.2123014371285103,0.1417799216805462,0.1200849820431139,0.0956973461318197,0.4889357218124341,0.2606609808102345,0.304845342392276,0.8865820169448853,0.4093604041559432,328.10211499540287,576.5316171234056,4033,0.0768299063330764,0.0813543553174814,477,515,0.0075038415346107,0.0131855349199669,0.983069658279419,0.484998760228118,11.7
S82A/S85A,"U2OS_S82A85A_9_crop - Denoised.nd2 - Deconvolved 20 iterations, Type Richardson-Lucy",38.41495316653822,200.0,10,1487,2066,4410326,1301.671225028887,1042692,0.236420618339778,0.0,0.5249614370664861,0.4441089437458302,0.1711944050170396,0.3388952090577093,0.5607941025521392,0.5615786838738388,0.4046355104749265,0.8474898934364319,0.3590635885888535,1646.6953824368272,1381.171226149715,23431,0.0384149531665382,0.0702784935528499,2145,4442,0.0127288179178616,0.010676338343181,0.983404278755188,0.5714651530024327,89.5
S82E/S85E,"U2OS_S82E85E_1_crop - Denoised.nd2 - Deconvolved 20 iterations, Type Richardson-Lucy",38.41495316653822,200.0,5,2304,2304,2869698,846.9676189748664,0,0.0,0.0046296296296296,0.1744644421754861,0.0700588431954374,0.059957395054563,0.0840177337872091,0.4418967256718334,0.3321805718520348,0.2417944911759854,0.7558209300041199,0.2591836869022623,1256.5147031242984,1244.106673251507,16977,0.0384149531665382,0.07401276451224,2702,2083,0.0113980634896076,0.0112855080917922,0.981933295726776,0.4559109383283266,42.6
S82E/S85E,"U2OS_S82E85E_2_crop - Denoised.nd2 - Deconvolved 20 iterations, Type Richardson-Lucy",38.41495316653822,200.0,7,1519,1520,1693852,499.9264017801927,0,0.0,0.0131578947368421,0.2526958470163936,0.0248807530094823,0.050957872747832,0.0934463758435036,0.3428234710333706,0.3809634089856415,0.2010550293729768,0.7380427718162537,0.2430639976227138,619.3258749509291,497.627303319336,8576,0.0384149531665382,0.0722161701202109,1320,1002,0.0095179508008964,0.0076476575285207,0.9812731742858888,0.3559934701492537,19.8
S82E/S85E,"U2OS_S82E85E_4_crop - Denoised.nd2 - Deconvolved 20 iterations, Type Richardson-Lucy",38.41495316653822,200.0,6,2304,2304,1766123,521.2565894135021,0,0.0,0.02,0.3858586508069188,0.0939686905197812,0.0658431172029859,0.115945291304729,0.4187629116539069,0.4588006662965019,0.2774343122102009,0.7818790078163147,0.2922538462184098,948.3499488223288,691.8533065293533,13073,0.0384149531665382,0.072542641231724,1721,1827,0.0139780751397269,0.0101974777521157,0.9825757145881652,0.4445804329534154,102.7
S82E/S85E,"U2OS_S82E85E_5_crop - Denoised.nd2 - Deconvolved 20 iterations, Type Richardson-Lucy",38.41495316653822,200.0,7,1632,2304,2850999,841.4487638524072,0,0.0,0.0043103448275862,0.4639580127027353,0.2134508796638901,0.0721566295033262,0.1552808278590851,0.5339626816136883,0.4628433261551248,0.3666689084672809,0.7925862073898315,0.2893498766172367,1041.7366999701833,1016.8053953651,13318,0.0384149531665382,0.0782202057343582,2039,1955,0.0095117535993523,0.0092841140947436,0.9817848205566406,0.5445262051359063,30.8
S82E/S85E,"U2OS_S82E85E_7_crop - Denoised.nd2 - Deconvolved 20 iterations, Type Richardson-Lucy",38.41495316653822,200.0,5,2032,1330,1153787,340.53068587501343,0,0.0,0.0126582278481012,0.1709846242857376,-0.0225629752990998,0.0356668917272028,0.058536691405976,0.3302432386460282,0.2914971915552973,0.1635730858468677,0.7234641909599304,0.2306153076538269,451.68301933215633,396.6728063976736,6009,0.0384149531665382,0.0751677515946341,1199,549,0.0101907891144552,0.0089496588191754,0.9811503887176514,0.3305042436345481,16.3
S82E/S85E,"U2OS_S82E85E_8_crop - Denoised.nd2 - Deconvolved 20 iterations, Type Richardson-Lucy",38.41495316653822,200.0,7,1596,1584,1465898,432.6476649180572,0,0.0,0.0136054421768707,0.2791290928411479,-0.0128937449101462,0.0469036978331384,0.1089384797836601,0.3499336618650492,0.4196352841391009,0.1887681902029104,0.7858318090438843,0.278584124966157,810.7091716266225,543.4947574001827,11450,0.0384149531665382,0.0708042944652072,1528,1545,0.0143966360551689,0.0096514218588196,0.9816938638687134,0.3722270742358078,23.4
