base,geno,aster,n_births,n_near,rate_near_min,birth_enrich_z
S9-AA-NOC-washout-dish1-001,AA,0,582,26,12.89,0.41
S9-AA-NOC-washout-dish1-004,AA,0,158,15,7.51,0.91
S9-AA-NOC-washout-dish1-004,AA,1,123,18,9.01,1.26
S9-AA-NOC-washout-dish1-005,AA,0,516,24,12.01,0.15
S9-AA-NOC-washout-dish1-006,AA,0,576,24,12.01,-0.81
S9-AA-NOC-washout-dish1-007,AA,0,561,29,14.51,0.76
S9-AA-NOC-washout-dish1-008,AA,0,210,21,10.51,-0.24
S9-AA-NOC-washout-dish1-009,AA,0,783,27,13.51,1.72
S9-AA-NOC-washout-dish1-010,AA,0,817,37,18.52,3.01
S9-AA-NOC-washout-dish1-011,AA,0,993,19,9.51,-1.9
S9-AA-NOC-washout-dish1-012,AA,0,294,32,16.01,1.84
S9-AA-NOC-washout-dish1-013,AA,0,457,20,10.1,-0.55
S9-AA-NOC-washout-dish1-014,AA,0,564,24,12.01,-0.56
S9-AA-NOC-washout-dish1-015,AA,0,449,23,11.51,-0.43
S9-AA-NOC-washout-dish1-015,AA,1,335,30,15.01,2.04
S9-AA-NOC-washout-dish1-017,AA,0,1708,29,14.65,0.32
S9-AA-NOC-washout-dish2-004,AA,0,637,26,13.01,0.77
S9-AA-NOC-washout-dish2-004,AA,1,656,18,9.01,-1.05
S9-AA-NOC-washout-dish2-004,AA,2,415,23,11.51,0.05
S9-AA-NOC-washout-dish2-004,AA,3,740,24,12.01,0.21
S9-AA-NOC-washout-dish2-007,AA,0,470,28,14.01,1.16
S9-AA-NOC-washout-dish2-007,AA,1,434,15,7.51,-0.88
S9-AA-NOC-washout-dish2-008,AA,0,913,23,11.72,0.41
S9-AA-NOC-washout-dish2-009,AA,0,331,24,11.9,-0.92
S9-AA-NOC-washout-dish3-004,AA,0,598,29,14.38,1.64
S9-AA-NOC-washout-dish3-005,AA,0,537,28,14.01,0.72
S9-AA-NOC-washout-dish3-005,AA,1,956,19,9.51,-1.69
S9-AA-NOC-washout-dish3-008,AA,0,822,24,12.12,-1.59
S9-WT-NOC-washout-dish1002,WT,0,51,18,9.01,1.59
S9-WT-NOC-washout-dish1003,WT,0,120,22,11.01,-0.23
S9-WT-NOC-washout-dish1004,WT,0,298,24,12.12,0.37
S9-WT-NOC-washout-dish1007,WT,0,397,25,12.51,1.29
S9-WT-NOC-washout-dish1008,WT,0,91,22,11.01,2.91
S9-WT-NOC-washout-dish1009,WT,0,153,21,10.51,0.15
S9-WT-NOC-washout-dish2-001,WT,0,191,25,12.63,2.34
S9-WT-NOC-washout-dish2-002,WT,0,89,12,6.01,-0.7
S9-WT-NOC-washout-dish2-003,WT,0,44,4,2.0,-2.6
S9-WT-NOC-washout-dish2-004,WT,0,145,20,10.01,-0.85
S9-WT-NOC-washout-dish2-004,WT,1,158,25,12.51,-0.31
S9-WT-NOC-washout-dish2-005,WT,0,90,12,6.01,-1.84
S9-WT-NOC-washout-dish2-008,WT,0,67,20,10.01,-0.08
S9-WT-NOC-washout-dish2-008,WT,1,72,20,10.01,0.48
S9-WT-NOC-washout-dish2-009,WT,0,262,27,13.51,2.03
S9-WT-NOC-washout-dish3-001,WT,0,98,10,5.05,-1.87
S9-WT-NOC-washout-dish3-002,WT,0,155,19,9.51,-0.88
S9-WT-NOC-washout-dish3-004,WT,0,59,14,7.01,-0.57
S9-WT-NOC-washout-dish3-004,WT,1,66,12,6.01,-0.61
S9-WT-NOC-washout-dish3-009,WT,0,150,27,13.39,-0.01
S9-WT-NOC-washout-dish3-009,WT,1,215,33,16.36,1.32
S9-WT-NOC-washout-dish3-010,WT,0,201,16,8.01,-0.16
S9-WT-NOC-washout-dish3-010,WT,1,219,13,6.51,-1.94
S9-WT-NOC-washout-dish3-012,WT,0,100,22,11.01,-1.47
S9-WT-NOC-washout-dish3-012,WT,1,75,10,5.0,-1.82
S9-WT-NOC-washout-dish3-013,WT,0,593,24,12.12,-0.34
